id_code,true_label,pred_A,conf_A,probs_A,pred_B,conf_B,probs_B
e4dcca36ceb4,0,0,0.9998961687088013,"[0.9998961687088013, 8.50225769681856e-05, 1.8365515643381514e-05, 7.811539148860902e-08, 3.7479262005035707e-07]",0,0.9992756247520447,"[0.9992756247520447, 0.0006677487981505692, 5.526813038159162e-05, 2.542679453654273e-07, 1.1012668892362854e-06]"
e4e343eaae2a,2,2,0.7146570682525635,"[0.00669362535700202, 0.22944238781929016, 0.7146570682525635, 0.009412390179932117, 0.03979457914829254]",1,0.5563770532608032,"[0.01288277842104435, 0.5563770532608032, 0.42116817831993103, 0.002588617382571101, 0.006983347702771425]"
e4f12411fd85,4,4,0.948906421661377,"[5.435800176201155e-06, 9.828661131905392e-05, 5.7443587138550356e-05, 0.050932396203279495, 0.948906421661377]",4,0.8176423907279968,"[0.00019183826225344092, 0.003401329042389989, 0.006434417329728603, 0.17233003675937653, 0.8176423907279968]"
e50b0174690d,0,0,0.9999620914459229,"[0.9999620914459229, 3.373894651303999e-05, 3.974511855631135e-06, 4.133729447630685e-08, 2.119045205972725e-07]",0,0.9604580402374268,"[0.9604580402374268, 0.03698496147990227, 0.002397596137598157, 1.4395174730452709e-05, 0.00014497974188998342]"
e5197d77ec68,0,0,0.9999970197677612,"[0.9999970197677612, 2.2812484985479387e-06, 2.0018711666125455e-07, 8.425427466818292e-09, 5.326342034095433e-07]",0,0.9998145699501038,"[0.9998145699501038, 4.994251867174171e-05, 2.7330588636687025e-05, 8.162285780599632e-07, 0.00010734230454545468]"
e529c5757d64,0,0,0.9999998807907104,"[0.9999998807907104, 1.3335922233181918e-07, 1.160022122803639e-08, 9.44812006409279e-10, 9.494601771464772e-10]",0,0.9999138116836548,"[0.9999138116836548, 8.494967187289149e-05, 1.0157752967643319e-06, 2.7833049642822516e-08, 9.292587321851897e-08]"
e52ed5c29c5e,3,2,0.5305481553077698,"[0.0012129892129451036, 0.022902490571141243, 0.5305481553077698, 0.11780651658773422, 0.3275298476219177]",2,0.627597987651825,"[0.0012328437296673656, 0.021916288882493973, 0.627597987651825, 0.1021784096956253, 0.24707448482513428]"
e540d2e35d15,2,4,0.49212706089019775,"[0.009395405650138855, 0.1269388496875763, 0.28322434425354004, 0.08831430226564407, 0.49212706089019775]",4,0.49802619218826294,"[0.008297543041408062, 0.18940414488315582, 0.23232515156269073, 0.07194701582193375, 0.49802619218826294]"
e55188915f9d,1,2,0.490362286567688,"[0.008040179498493671, 0.4408682584762573, 0.490362286567688, 0.008414858020842075, 0.052314482629299164]",1,0.7652231454849243,"[0.030257347971200943, 0.7652231454849243, 0.19326664507389069, 0.0017652860842645168, 0.009487561881542206]"
e580676516b0,1,2,0.5871667265892029,"[0.017721310257911682, 0.36663296818733215, 0.5871667265892029, 0.00456263916566968, 0.02391635626554489]",4,0.6252589821815491,"[0.034161850810050964, 0.20815503597259521, 0.07033821195363998, 0.06208597123622894, 0.6252589821815491]"
e582e56e7942,0,0,0.9999849796295166,"[0.9999849796295166, 1.1217990504519548e-05, 3.839597411570139e-06, 1.7769082205632003e-08, 3.8678152236570895e-08]",0,0.9990125894546509,"[0.9990125894546509, 0.0008509281906299293, 0.00013413930719252676, 5.203435193834594e-07, 1.7813925978771294e-06]"
e594c19e2e1d,0,0,0.99777752161026,"[0.99777752161026, 0.0019938352052122355, 0.0002162382152164355, 1.4631326621383778e-06, 1.0918013686023187e-05]",0,0.9404546618461609,"[0.9404546618461609, 0.05330439284443855, 0.005910282954573631, 3.858009949908592e-05, 0.0002921058621723205]"
e599151ca14b,2,2,0.6744627952575684,"[0.001464258530177176, 0.01622079499065876, 0.6744627952575684, 0.18213078379631042, 0.12572138011455536]",4,0.37648025155067444,"[0.000606579938903451, 0.008502820506691933, 0.2838173806667328, 0.33059293031692505, 0.37648025155067444]"
e59c5f345bb0,0,0,0.9999780654907227,"[0.9999780654907227, 2.1094052499393e-05, 7.814476816747629e-07, 8.711204202427325e-09, 3.106954338250034e-08]",0,0.9998213648796082,"[0.9998213648796082, 0.00017105293227359653, 7.275113603100181e-06, 3.4061752529623845e-08, 3.408978557217779e-07]"
e5d56f4f359b,2,2,0.4700887203216553,"[0.0014086450682953, 0.01870090514421463, 0.4700887203216553, 0.23203550279140472, 0.27776625752449036]",4,0.5247586965560913,"[0.0012574068969115615, 0.011575757525861263, 0.04732383042573929, 0.4150843620300293, 0.5247586965560913]"
e5de79795c1d,0,0,0.9995738863945007,"[0.9995738863945007, 0.0004225175944156945, 2.9619725410157116e-06, 6.625230497547818e-08, 5.453397307064733e-07]",0,0.9905025959014893,"[0.9905025959014893, 0.009439680725336075, 5.4744108638260514e-05, 1.200402834911074e-07, 2.8334659418760566e-06]"
e5f332efcbc7,0,0,0.9728926420211792,"[0.9728926420211792, 0.0018774907803162932, 0.00834681000560522, 0.0037790655624121428, 0.013103952631354332]",0,0.9162759184837341,"[0.9162759184837341, 0.027309270575642586, 0.027118125930428505, 0.004399319179356098, 0.024897364899516106]"
e5f73f2855c0,0,0,0.9849678874015808,"[0.9849678874015808, 0.001637161010876298, 0.012197361327707767, 7.708954944973812e-05, 0.0011205625487491488]",0,0.9422116279602051,"[0.9422116279602051, 0.019921498373150826, 0.034185610711574554, 0.00036031860508956015, 0.0033210250549018383]"
e60e4edb3ca9,0,0,0.9999991655349731,"[0.9999991655349731, 5.453985636449943e-07, 2.184303724561687e-07, 2.721478820078005e-09, 4.840256195848269e-09]",0,0.9995193481445312,"[0.9995193481445312, 0.0003434648388065398, 0.00012102883192710578, 3.114486162303365e-06, 1.2964247616764624e-05]"
e62490b7d0e9,4,4,0.4793274998664856,"[0.0012645500246435404, 0.013049348257482052, 0.28471359610557556, 0.2216450721025467, 0.4793274998664856]",4,0.7962581515312195,"[0.000579297891817987, 0.008927577175199986, 0.05195515230298042, 0.14227992296218872, 0.7962581515312195]"
e632e38fd2d4,0,0,0.9999991655349731,"[0.9999991655349731, 8.688265893397329e-07, 3.2893371582076725e-08, 6.636290406092371e-10, 1.3590583769484965e-08]",0,0.6352345943450928,"[0.6352345943450928, 0.01314218807965517, 0.0003496309800539166, 0.014982786029577255, 0.33629080653190613]"
e6552b7432b3,0,0,0.9999624490737915,"[0.9999624490737915, 2.1245823518256657e-05, 1.601146868779324e-05, 2.730129722294805e-08, 3.995691031377646e-07]",0,0.9627057909965515,"[0.9627057909965515, 0.03163113817572594, 0.005499954801052809, 1.624042124603875e-05, 0.0001468597911298275]"
e65a2ff90494,2,2,0.5592295527458191,"[0.0065058497712016106, 0.39823296666145325, 0.5592295527458191, 0.005894565489143133, 0.030136998742818832]",1,0.6742498278617859,"[0.012922531925141811, 0.6742498278617859, 0.2933238446712494, 0.003718484193086624, 0.015785278752446175]"
e65f94ad9be3,2,2,0.5853766798973083,"[0.0031672080513089895, 0.09498715400695801, 0.5853766798973083, 0.1372193545103073, 0.17924955487251282]",4,0.8393913507461548,"[0.0007208134629763663, 0.011253461241722107, 0.008646479807794094, 0.1399877965450287, 0.8393913507461548]"
e663c6627a95,2,2,0.7657536864280701,"[0.001331603154540062, 0.06800109893083572, 0.7657536864280701, 0.06265684217214584, 0.10225668549537659]",2,0.7703371644020081,"[0.001579659292474389, 0.1934918314218521, 0.7703371644020081, 0.010881390422582626, 0.023709991946816444]"
e66855a5c583,0,0,0.9999892711639404,"[0.9999892711639404, 5.505067292688182e-06, 5.099314876133576e-06, 2.7188068685291e-08, 7.618017860977488e-08]",0,0.9944368600845337,"[0.9944368600845337, 0.004082643426954746, 0.0014515334041789174, 6.202634722285438e-06, 2.2790503862779588e-05]"
e66ad813a508,0,0,0.999983549118042,"[0.999983549118042, 1.4048514458409045e-05, 2.2743142835679464e-06, 8.951114516264624e-09, 6.539978869568586e-08]",0,0.9989469647407532,"[0.9989469647407532, 0.0009567153174430132, 9.115452849073336e-05, 4.1704572595335776e-07, 4.926808287564199e-06]"
e68746d426b2,0,0,0.9863193035125732,"[0.9863193035125732, 0.013573515228927135, 9.758001397131011e-05, 1.5797374999237945e-06, 7.954407919896767e-06]",0,0.949383020401001,"[0.949383020401001, 0.0498870313167572, 0.000687913503497839, 3.155393642373383e-06, 3.888746505253948e-05]"
e68bdd36e589,0,0,0.9999939203262329,"[0.9999939203262329, 5.9869475990126375e-06, 1.415205304056144e-07, 1.855261499983385e-09, 2.6248564211073244e-08]",0,0.9860636591911316,"[0.9860636591911316, 0.01172611117362976, 0.00017724213830661029, 4.884721420239657e-05, 0.001984068425372243]"
e69b48516577,0,0,0.9997791647911072,"[0.9997791647911072, 0.00020097832020837814, 1.9173912733094767e-05, 1.2883364775007067e-07, 5.490832108989707e-07]",0,0.47354739904403687,"[0.47354739904403687, 0.1188674345612526, 0.008315608836710453, 0.03865576907992363, 0.36061376333236694]"
e6a58edc5b42,2,2,0.6360052227973938,"[0.015820762142539024, 0.3106001019477844, 0.6360052227973938, 0.009103874675929546, 0.028470082208514214]",1,0.5320968627929688,"[0.03311455622315407, 0.5320968627929688, 0.3910846412181854, 0.008236460387706757, 0.03546753153204918]"
e6a5e4718873,0,0,0.9999371767044067,"[0.9999371767044067, 3.074325286434032e-05, 2.8983780794078484e-05, 3.9170194554571935e-07, 2.7397870780987432e-06]",0,0.9993853569030762,"[0.9993853569030762, 0.0005042004631832242, 0.00010363142064306885, 6.967152899051143e-07, 6.123243565525627e-06]"
e6a6acf7fca1,2,1,0.717418372631073,"[0.037805188447237015, 0.717418372631073, 0.23065683245658875, 0.0017843254609033465, 0.012335232459008694]",1,0.5269248485565186,"[0.010391376912593842, 0.5269248485565186, 0.44597283005714417, 0.001978070242330432, 0.01473286747932434]"
e6f0ce5bf282,2,2,0.7527024745941162,"[0.004314851015806198, 0.1849205642938614, 0.7527024745941162, 0.01201863307505846, 0.04604349285364151]",2,0.6561299562454224,"[0.009428486227989197, 0.3247299790382385, 0.6561299562454224, 0.0015487212222069502, 0.008162911981344223]"
e724866f5084,2,2,0.8611538410186768,"[0.003613872919231653, 0.0492633692920208, 0.8611538410186768, 0.047878194600343704, 0.038090724498033524]",2,0.7912498712539673,"[0.002903478918597102, 0.084056556224823, 0.7912498712539673, 0.061343759298324585, 0.0604463592171669]"
e7291472109b,0,0,0.8151376843452454,"[0.8151376843452454, 0.036752849817276, 0.1369410902261734, 0.0012212998699396849, 0.009947152808308601]",0,0.8159739375114441,"[0.8159739375114441, 0.0875815898180008, 0.08841829746961594, 0.0008868469158187509, 0.007139398716390133]"
e740af6ac6ea,4,4,0.3958829641342163,"[0.0017055965727195144, 0.02763601578772068, 0.3775860667228699, 0.19718940556049347, 0.3958829641342163]",4,0.5540847778320312,"[0.002971798647195101, 0.050520770251750946, 0.12835580110549927, 0.2640668451786041, 0.5540847778320312]"
e756495c11cb,2,4,0.4785408675670624,"[0.0018816719530150294, 0.05317949503660202, 0.30881720781326294, 0.15758076310157776, 0.4785408675670624]",4,0.6316084265708923,"[0.0014612736413255334, 0.055892519652843475, 0.11984928697347641, 0.19118846952915192, 0.6316084265708923]"
e7578d8dba72,0,0,1.0,"[1.0, 1.9702057763026914e-09, 2.458242290281909e-11, 4.880346994584617e-12, 6.093077431490457e-12]",0,0.9999998807907104,"[0.9999998807907104, 1.4546947113558417e-07, 1.5890126991990883e-09, 3.39472686072817e-11, 1.3788968578065663e-10]"
e76a9cbb2a8c,3,4,0.635729968547821,"[0.0001240166457137093, 0.0011574090458452702, 0.021027151495218277, 0.34196147322654724, 0.635729968547821]",4,0.5437687039375305,"[0.0002050930925179273, 0.003572093555703759, 0.03169256076216698, 0.4207615256309509, 0.5437687039375305]"
e77a93c3d9a9,0,0,1.0,"[1.0, 3.335300746698522e-08, 5.971655947512033e-10, 3.1317429118743467e-12, 2.0909881465192015e-11]",0,0.9995324611663818,"[0.9995324611663818, 0.0001342384348390624, 1.985149310712586e-06, 1.1953906096096034e-06, 0.0003300718090031296]"
e79e10907295,0,0,0.9999990463256836,"[0.9999990463256836, 1.33699884941052e-07, 6.795470426368411e-07, 2.559685796654776e-09, 1.7793864515169844e-07]",0,0.997036337852478,"[0.997036337852478, 0.0007108010468073189, 0.0010716936085373163, 2.1084231775603257e-05, 0.0011600541183725]"
e7a372a1c3a4,2,2,0.49006035923957825,"[0.004484743345528841, 0.4227248728275299, 0.49006035923957825, 0.011494954116642475, 0.07123508304357529]",1,0.49014154076576233,"[0.0023763664066791534, 0.49014154076576233, 0.48580366373062134, 0.004085729829967022, 0.017592642456293106]"
e7a7187066ad,2,2,0.6360490322113037,"[0.004529802594333887, 0.29786136746406555, 0.6360490322113037, 0.012797682546079159, 0.04876206815242767]",2,0.5342960357666016,"[0.004099943209439516, 0.4051917791366577, 0.5342960357666016, 0.011048081330955029, 0.0453641302883625]"
e7b5dd5bab1f,0,0,0.8774943947792053,"[0.8774943947792053, 0.018900107592344284, 0.0786210373044014, 0.0031767101027071476, 0.021807704120874405]",0,0.8315282464027405,"[0.8315282464027405, 0.06071062386035919, 0.07241929322481155, 0.005010636057704687, 0.03033120557665825]"
e7d2c2c3b30f,4,2,0.41055750846862793,"[0.00135508191306144, 0.01570911705493927, 0.41055750846862793, 0.3392002284526825, 0.233178049325943]",3,0.43805456161499023,"[0.0007721885922364891, 0.0147774126380682, 0.1568218469619751, 0.43805456161499023, 0.38957399129867554]"
e7defafeb957,2,2,0.8725171685218811,"[0.0013893928844481707, 0.11745455116033554, 0.8725171685218811, 0.0029756261501461267, 0.005663251504302025]",2,0.843080997467041,"[0.0016640439862385392, 0.13943172991275787, 0.843080997467041, 0.006361684761941433, 0.009461506269872189]"
e7fc93ac5b6d,2,2,0.6627249717712402,"[0.010971250012516975, 0.2607504725456238, 0.6627249717712402, 0.014431562274694443, 0.05112173780798912]",1,0.4753165543079376,"[0.014812350273132324, 0.4753165543079376, 0.1732659935951233, 0.045509692281484604, 0.2910953760147095]"
e811f39a1243,2,2,0.7213771343231201,"[0.001768986927345395, 0.05987346172332764, 0.7213771343231201, 0.08185559511184692, 0.1351248025894165]",2,0.5916239619255066,"[0.009617181494832039, 0.23526857793331146, 0.5916239619255066, 0.06889408081769943, 0.09459611773490906]"
e81f4a2fbbdc,0,0,0.9999951124191284,"[0.9999951124191284, 4.922377684124513e-06, 2.0613883933151556e-08, 3.8706618465944587e-10, 1.2647674019206079e-09]",0,0.9974730610847473,"[0.9974730610847473, 0.002456394024193287, 2.0963914721505716e-05, 9.173906505566265e-07, 4.8690151743358e-05]"
e821c1b6417a,4,4,0.5443987846374512,"[0.00608899025246501, 0.03993486240506172, 0.31649723649024963, 0.09308014810085297, 0.5443987846374512]",4,0.9165915250778198,"[6.969190144445747e-05, 0.0008753035799600184, 0.000353014562278986, 0.0821104645729065, 0.9165915250778198]"
e82232a3c28b,0,0,0.9999629259109497,"[0.9999629259109497, 3.594610097934492e-05, 1.0628307336446596e-06, 9.558943858678504e-09, 1.2636782287245296e-08]",0,0.9995299577713013,"[0.9995299577713013, 0.0004518178466241807, 1.7320739061688073e-05, 1.6942870217917516e-07, 7.953100293889293e-07]"
e83d315d8f98,2,2,0.49175629019737244,"[0.0039109131321311, 0.027242077514529228, 0.49175629019737244, 0.3365395963191986, 0.1405511051416397]",3,0.39896994829177856,"[0.002620808780193329, 0.060073673725128174, 0.2296334207057953, 0.39896994829177856, 0.3087022006511688]"
e85d410d6836,2,2,0.7218207716941833,"[0.005463081877678633, 0.17146749794483185, 0.7218207716941833, 0.03783357888460159, 0.06341513246297836]",2,0.7154101133346558,"[0.002371301641687751, 0.2085513025522232, 0.7154101133346558, 0.027423620223999023, 0.04624365642666817]"
e868c3da340b,2,2,0.4944276511669159,"[0.0018495437689125538, 0.024394160136580467, 0.4944276511669159, 0.1272139996290207, 0.35211458802223206]",4,0.6787941455841064,"[0.0005832124152220786, 0.007374117150902748, 0.04811343178153038, 0.26513513922691345, 0.6787941455841064]"
e893e86dde94,0,0,0.9981208443641663,"[0.9981208443641663, 0.0011746304808184505, 0.00061464385362342, 6.7134842538507655e-06, 8.322378562297672e-05]",0,0.8138664960861206,"[0.8138664960861206, 0.10262935608625412, 0.06165878102183342, 0.00128742097876966, 0.020557979121804237]"
e8d1c6c07cf2,3,4,0.5526406168937683,"[0.003484835382550955, 0.033886514604091644, 0.2295432835817337, 0.18044468760490417, 0.5526406168937683]",1,0.3554304838180542,"[0.027786172926425934, 0.3554304838180542, 0.2719394564628601, 0.09982983767986298, 0.2450140416622162]"
e8ddfc9709ce,0,0,0.9999402761459351,"[0.9999402761459351, 3.5377983294893056e-05, 2.3671291273785755e-05, 1.1766941554469668e-07, 4.6350908178283134e-07]",0,0.9996942281723022,"[0.9996942281723022, 0.0002638551814015955, 4.070277282153256e-05, 1.7052212797352695e-07, 1.0573755844234256e-06]"
e8e44b3160e3,0,2,0.4916241765022278,"[0.3444192707538605, 0.131182461977005, 0.4916241765022278, 0.0018379922257736325, 0.030936086550354958]",0,0.9079766273498535,"[0.9079766273498535, 0.0319644995033741, 0.056849829852581024, 0.0002511365746613592, 0.0029578437097370625]"
e907d23cce3d,0,0,0.9999995231628418,"[0.9999995231628418, 4.243124465119763e-07, 1.9738170209393502e-08, 3.4008145188835215e-09, 4.1133927375369694e-09]",0,0.9999980926513672,"[0.9999980926513672, 1.870600840447878e-06, 5.082846143977804e-08, 2.1221691071104942e-09, 9.131170486398332e-09]"
e9129ce55fd7,2,0,0.638794481754303,"[0.638794481754303, 0.10798284411430359, 0.13462628424167633, 0.015356221236288548, 0.10324006527662277]",4,0.9343438148498535,"[0.0019934424199163914, 0.006269576493650675, 0.0009192192228510976, 0.0564739853143692, 0.9343438148498535]"
e9286ddf6ffe,1,4,0.39222055673599243,"[0.03153787925839424, 0.1812344342470169, 0.24247610569000244, 0.1525309979915619, 0.39222055673599243]",4,0.4233040511608124,"[0.027365414425730705, 0.1713016927242279, 0.1533687561750412, 0.22466003894805908, 0.4233040511608124]"
e933923aab15,0,0,0.9999990463256836,"[0.9999990463256836, 8.803481819086301e-07, 1.289123758851929e-07, 5.216857501544325e-10, 1.6633047161818126e-09]",0,0.9998950958251953,"[0.9998950958251953, 9.700829104986042e-05, 7.724036549916491e-06, 2.6619755288948e-08, 8.261202566473003e-08]"
e93394175a19,3,3,0.47457265853881836,"[0.00028113540611229837, 0.001982466084882617, 0.0714978277683258, 0.47457265853881836, 0.4516659379005432]",3,0.5993435978889465,"[0.0006867576157674193, 0.008489460684359074, 0.1184825748205185, 0.5993435978889465, 0.2729976773262024]"
e96099b961b4,2,1,0.4910225570201874,"[0.013314885087311268, 0.4910225570201874, 0.42769941687583923, 0.008314699865877628, 0.05964842066168785]",1,0.6470024585723877,"[0.023856621235609055, 0.6470024585723877, 0.2774764597415924, 0.0054783145897090435, 0.046186190098524094]"
e966850247f4,0,0,0.9998857975006104,"[0.9998857975006104, 8.323589281644672e-05, 2.581435546744615e-05, 3.226213607376849e-07, 4.791585070051951e-06]",0,0.9358252882957458,"[0.9358252882957458, 0.05722749978303909, 0.006128839682787657, 4.7861311031738296e-05, 0.0007705041207373142]"
e9678824215d,0,0,0.9999949932098389,"[0.9999949932098389, 1.9095987227046862e-06, 2.5576393909432227e-06, 2.6994195323482018e-08, 5.99636223341804e-07]",0,0.9998468160629272,"[0.9998468160629272, 0.00010892136924667284, 2.0151255739619955e-05, 4.6475909698528994e-07, 2.3552800485049374e-05]"
e96bd80a8a53,1,2,0.5386443734169006,"[0.0027776078786700964, 0.41880273818969727, 0.5386443734169006, 0.004442358389496803, 0.03533294051885605]",2,0.5145184397697449,"[0.0033667688257992268, 0.4398002624511719, 0.5145184397697449, 0.0048665376380085945, 0.03744792565703392]"
e97ecf4355cb,0,0,0.999985933303833,"[0.999985933303833, 1.1725705917342566e-05, 2.1286102764861425e-06, 9.489119889849462e-08, 6.755154657867024e-08]",0,0.9991864562034607,"[0.9991864562034607, 0.0007542718667536974, 5.723181675421074e-05, 6.742461664543953e-07, 1.4200570603861706e-06]"
e9ab8413e771,4,4,0.4582388401031494,"[0.033999111503362656, 0.27947649359703064, 0.20108173787593842, 0.027203861624002457, 0.4582388401031494]",4,0.9505875110626221,"[0.0001396062143612653, 0.0017151475185528398, 0.00024605411454103887, 0.04731171205639839, 0.9505875110626221]"
e9ce5bf645ab,0,0,0.9999502897262573,"[0.9999502897262573, 3.158360777888447e-05, 1.7611630028113723e-05, 6.639137239972115e-08, 3.409470537008019e-07]",0,0.9976212382316589,"[0.9976212382316589, 0.0018777112709358335, 0.0004877893952652812, 1.5685967582612648e-06, 1.1701191397150978e-05]"
e9f3c85a2a02,0,0,0.9999997615814209,"[0.9999997615814209, 2.5757120170055714e-07, 1.9908164006210427e-08, 3.567334483367546e-10, 1.1917554720852763e-09]",0,0.9998852014541626,"[0.9998852014541626, 9.257741476176307e-05, 1.9809747755061835e-05, 2.962031544484489e-07, 2.0859854430455016e-06]"
e9f82b5bbaf4,2,2,0.687287449836731,"[0.002958661178126931, 0.10343556106090546, 0.687287449836731, 0.045934826135635376, 0.16038349270820618]",2,0.5132843852043152,"[0.0031643316615372896, 0.09761824458837509, 0.5132843852043152, 0.0888318121433258, 0.2971011996269226]"
e9faf0296643,0,0,0.9999994039535522,"[0.9999994039535522, 5.820430146741273e-07, 2.19579483484722e-08, 4.883967882896023e-11, 3.656027702803044e-10]",0,0.9995504021644592,"[0.9995504021644592, 0.0003048295038752258, 1.0550103070272598e-05, 4.398167675390141e-06, 0.00012981101463083178]"
e9ff9352ccb3,1,2,0.6325919032096863,"[0.0212489515542984, 0.2651989161968231, 0.6325919032096863, 0.024772565811872482, 0.05618766322731972]",1,0.5242774486541748,"[0.03870055451989174, 0.5242774486541748, 0.35593071579933167, 0.022316258400678635, 0.05877508223056793]"
ea05c22d92e9,2,2,0.7327220439910889,"[0.0032269679941236973, 0.05879444256424904, 0.7327220439910889, 0.08727014064788818, 0.11798644065856934]",2,0.4149231016635895,"[0.0032155215740203857, 0.06989066302776337, 0.4149231016635895, 0.18405243754386902, 0.32791826128959656]"
ea15a290eb96,1,1,0.5176993012428284,"[0.42634445428848267, 0.5176993012428284, 0.041199974715709686, 0.0027160642202943563, 0.012040190398693085]",1,0.8017034530639648,"[0.13793215155601501, 0.8017034530639648, 0.05510062351822853, 0.0007067561964504421, 0.004557081963866949]"
ea1d045f9fea,2,2,0.6709213256835938,"[0.0023866104893386364, 0.21144072711467743, 0.6709213256835938, 0.028200045228004456, 0.08705122768878937]",2,0.48917198181152344,"[0.0036140966694802046, 0.4283653497695923, 0.48917198181152344, 0.02009623311460018, 0.05875232815742493]"
ea4ce9516144,0,0,1.0,"[1.0, 2.628249085034895e-08, 7.50367945556718e-09, 7.055427353463983e-10, 1.0341284495396508e-09]",0,0.9999948740005493,"[0.9999948740005493, 4.353561962489039e-06, 4.2802273014785897e-07, 3.6044518481048726e-08, 2.327691959180811e-07]"
ea4dcb055139,2,2,0.8029679656028748,"[0.009471277706325054, 0.11734925210475922, 0.8029679656028748, 0.01645188219845295, 0.05375957489013672]",4,0.9416804313659668,"[4.652887582778931e-05, 0.0006130486726760864, 0.00024693834711797535, 0.05741303786635399, 0.9416804313659668]"
ea588d1e5d96,2,2,0.8230828642845154,"[0.0013468433171510696, 0.12484171986579895, 0.8230828642845154, 0.010271726176142693, 0.04045676067471504]",2,0.6856468319892883,"[0.0023147938773036003, 0.25976845622062683, 0.6856468319892883, 0.013343790546059608, 0.0389261394739151]"
ea5c42a78979,0,0,0.9999775886535645,"[0.9999775886535645, 8.344966772710904e-06, 1.3665053302247543e-05, 2.52532270650363e-08, 3.3940233379325946e-07]",0,0.9477393627166748,"[0.9477393627166748, 0.027919529005885124, 0.023762352764606476, 5.282383426674642e-05, 0.00052594393491745]"
ea68b58a6e8f,0,0,0.9945464134216309,"[0.9945464134216309, 0.001970959361642599, 0.003274917835369706, 1.6898153262445703e-05, 0.0001907031110022217]",0,0.9801886081695557,"[0.9801886081695557, 0.012757529504597187, 0.006763874553143978, 2.8014044801238924e-05, 0.0002619885199237615]"
ea6a53e54d0f,0,0,0.9871151447296143,"[0.9871151447296143, 0.012756126932799816, 0.00010327310155844316, 2.483129264874151e-06, 2.2988671844359487e-05]",0,0.9595996141433716,"[0.9595996141433716, 0.04011617973446846, 0.0002504737058188766, 2.3300297016248805e-06, 3.13369782816153e-05]"
ea7e21bab610,0,0,0.9999991655349731,"[0.9999991655349731, 4.340420218795771e-07, 3.10659203250907e-07, 2.9022915182252973e-09, 2.1128709448703376e-08]",0,0.999221682548523,"[0.999221682548523, 0.0004268912598490715, 0.0003310964093543589, 2.294627392984694e-06, 1.7969981854548678e-05]"
ea9c41e1ced0,0,0,0.9194547533988953,"[0.9194547533988953, 0.03486906364560127, 0.044842805713415146, 0.00010353877587476745, 0.0007298763957805932]",0,0.9925440549850464,"[0.9925440549850464, 0.00411327974870801, 0.003293487010523677, 7.648788596270606e-06, 4.153871486778371e-05]"
ea9e0fb6fb0b,2,2,0.6049318313598633,"[0.009101711213588715, 0.36516889929771423, 0.6049318313598633, 0.0035769795067608356, 0.017220547422766685]",2,0.5168688297271729,"[0.007377214264124632, 0.4649306535720825, 0.5168688297271729, 0.002110546687617898, 0.008712812326848507]"
eaa0dfbd5024,4,1,0.818169116973877,"[0.01862488128244877, 0.818169116973877, 0.14076149463653564, 0.0012027253396809101, 0.021241800859570503]",1,0.8744534254074097,"[0.00939482543617487, 0.8744534254074097, 0.11009985953569412, 0.0003171988937538117, 0.005734662525355816]"
eabc7c716255,0,0,0.9987275004386902,"[0.9987275004386902, 0.001258860225789249, 1.0386741450929549e-05, 5.825719426866272e-07, 2.779433316391078e-06]",0,0.9573183059692383,"[0.9573183059692383, 0.04135161638259888, 0.0009014076204039156, 2.2138758140499704e-05, 0.00040652567986398935]"
eabf421f94d0,0,0,0.9677364826202393,"[0.9677364826202393, 0.002816565101966262, 0.020972715690732002, 0.0007433416321873665, 0.0077309273183345795]",4,0.8356081247329712,"[0.02132963202893734, 0.022537503391504288, 0.05474665015935898, 0.06577803194522858, 0.8356081247329712]"
ead23cc922ed,1,1,0.8325960040092468,"[0.009688232094049454, 0.8325960040092468, 0.15094515681266785, 0.0006400482961907983, 0.00613051000982523]",1,0.8705561757087708,"[0.007225982844829559, 0.8705561757087708, 0.11933604627847672, 0.0003115688159596175, 0.0025701953563839197]"
eadc57064154,4,4,0.9533752799034119,"[1.7786889657145366e-05, 0.00017839120118878782, 0.00013533636229112744, 0.046293072402477264, 0.9533752799034119]",4,0.9249493479728699,"[6.975333963055164e-05, 0.0011158204870298505, 0.0015861394349485636, 0.07227887958288193, 0.9249493479728699]"
eadfc8809ec8,2,2,0.8044120669364929,"[0.0012091200333088636, 0.04916558414697647, 0.8044120669364929, 0.045123036950826645, 0.1000901460647583]",2,0.8655812740325928,"[0.0012107080547139049, 0.07892470806837082, 0.8655812740325928, 0.01742766611278057, 0.03685562685132027]"
eae70f527755,0,0,0.9999998807907104,"[0.9999998807907104, 7.517420641534045e-08, 8.994955891239442e-09, 4.55661758325121e-11, 2.7619273534895683e-10]",0,0.99997878074646,"[0.99997878074646, 2.0296221919124946e-05, 9.446754916098143e-07, 3.559798233965239e-09, 4.1453887433817727e-08]"
eae901557a84,2,1,0.7477660179138184,"[0.048882897943258286, 0.7477660179138184, 0.18331435322761536, 0.003344225464388728, 0.01669255830347538]",1,0.9335203170776367,"[0.024549484252929688, 0.9335203170776367, 0.03644610568881035, 0.0009257172932848334, 0.004558387212455273]"
eb050765b323,0,0,0.9981517195701599,"[0.9981517195701599, 0.0007635197252966464, 0.001009440398775041, 7.207089311123127e-06, 6.821449642302468e-05]",0,0.9933902025222778,"[0.9933902025222778, 0.003457939950749278, 0.0029465267434716225, 3.008664134540595e-05, 0.0001752398966345936]"
eb175669d789,0,0,0.9999436140060425,"[0.9999436140060425, 5.538255936698988e-05, 7.808471309544984e-07, 1.348335221251773e-08, 7.097483489815204e-08]",0,0.9961243271827698,"[0.9961243271827698, 0.0038212465588003397, 5.1775419706245884e-05, 1.3668930876065133e-07, 2.45194155468198e-06]"
eb1ad14dd281,2,2,0.6246246695518494,"[0.005645650438964367, 0.234853133559227, 0.6246246695518494, 0.027177317067980766, 0.10769927501678467]",2,0.48222821950912476,"[0.002339828060939908, 0.17829164862632751, 0.48222821950912476, 0.0652255266904831, 0.2719147801399231]"
eb1d37b71fd1,4,4,0.6975400447845459,"[0.003933233208954334, 0.02964472956955433, 0.06429886817932129, 0.20458321273326874, 0.6975400447845459]",4,0.6008193492889404,"[0.011665894649922848, 0.04783375933766365, 0.22308892011642456, 0.11659200489521027, 0.6008193492889404]"
eb32a815f78c,2,2,0.5804820656776428,"[0.00732420664280653, 0.321505606174469, 0.5804820656776428, 0.006420210935175419, 0.08426786214113235]",4,0.9380263090133667,"[0.00034149381099268794, 0.005422280170023441, 0.001139623112976551, 0.05507035553455353, 0.9380263090133667]"
eb6b1f1c09db,0,0,0.8285258412361145,"[0.8285258412361145, 0.10766936838626862, 0.06167397275567055, 0.0007575249182991683, 0.0013733062660321593]",1,0.35528460144996643,"[0.30501845479011536, 0.35528460144996643, 0.21011650562286377, 0.016518527641892433, 0.1130618155002594]"
eba3acc42197,1,1,0.673465371131897,"[0.059135645627975464, 0.673465371131897, 0.2512815296649933, 0.0039277346804738045, 0.012189741246402264]",1,0.793689489364624,"[0.06189476698637009, 0.793689489364624, 0.13857385516166687, 0.0008633919060230255, 0.00497856643050909]"
ebd96d853918,0,0,0.9999603033065796,"[0.9999603033065796, 3.2435204047942534e-05, 6.74814418744063e-06, 5.471478559115894e-08, 3.9218758729475667e-07]",0,0.9975603818893433,"[0.9975603818893433, 0.002178977942094207, 0.00023110421898309141, 2.304076815562439e-06, 2.726262573560234e-05]"
ebe0175e530c,4,4,0.8373968601226807,"[3.533103154040873e-05, 0.0004556197964120656, 0.00111477414611727, 0.16099737584590912, 0.8373968601226807]",4,0.6499096751213074,"[0.00092154904268682, 0.015436523593962193, 0.06852563470602036, 0.26520660519599915, 0.6499096751213074]"
ebf4b22240f4,0,0,0.999996542930603,"[0.999996542930603, 1.7440628425902105e-06, 1.505658588030201e-06, 9.850395166211001e-09, 6.632749460777632e-08]",0,0.9993863105773926,"[0.9993863105773926, 0.00044090612209402025, 0.00016244087601080537, 1.2477349855544162e-06, 9.226671863871161e-06]"
ec01f0862669,0,0,0.9999724626541138,"[0.9999724626541138, 2.4631994165247306e-05, 2.787487801469979e-06, 2.1030205132888113e-08, 8.304323984020812e-08]",0,0.9971109628677368,"[0.9971109628677368, 0.0026952680200338364, 0.0001837115123635158, 1.22107428524032e-06, 8.75538717082236e-06]"
ec0c9f817b03,0,0,0.9993532299995422,"[0.9993532299995422, 0.0004425635270308703, 0.0001815047871787101, 1.8966975403600372e-06, 2.073016730719246e-05]",0,0.7869400978088379,"[0.7869400978088379, 0.17263725399971008, 0.0351320244371891, 0.00024062502779997885, 0.005050055682659149]"
ec363f48867b,0,0,0.9999885559082031,"[0.9999885559082031, 1.1295183867332526e-05, 1.0318242971152358e-07, 4.6008630238958403e-10, 1.3003451648785358e-09]",0,0.9977560639381409,"[0.9977560639381409, 0.0021460228599607944, 3.124407885479741e-05, 5.048010280006565e-06, 6.166924868011847e-05]"
ec4649213ccf,1,1,0.7721436023712158,"[0.026545409113168716, 0.7721436023712158, 0.1512354463338852, 0.004217491950839758, 0.045858047902584076]",1,0.59832763671875,"[0.030400428920984268, 0.59832763671875, 0.2234296351671219, 0.010895652696490288, 0.1369466483592987]"
ec57cc20d776,0,0,0.9999998807907104,"[0.9999998807907104, 9.484457308417404e-08, 5.5118949404686646e-09, 3.9105590987631444e-10, 6.379824446511861e-10]",0,0.9999996423721313,"[0.9999996423721313, 4.1068514633479936e-07, 7.588059958152371e-09, 1.7919284112100087e-10, 1.2422066708595025e-09]"
ec6659926105,0,0,0.9999929666519165,"[0.9999929666519165, 5.151365257916041e-06, 1.9032622731174342e-06, 1.1451510850690738e-08, 3.099944834161761e-08]",0,0.9999352693557739,"[0.9999352693557739, 5.756949394708499e-05, 7.063547400321113e-06, 5.3323788051784504e-08, 1.2641694979720342e-07]"
ec6f1797a25a,0,0,0.999998927116394,"[0.999998927116394, 9.756523695614305e-07, 1.1377616004892843e-07, 1.4884108390234019e-09, 6.365186155932179e-09]",0,0.998097836971283,"[0.998097836971283, 0.0015967233339324594, 0.0002885971334762871, 1.69811278283305e-06, 1.5058549251989461e-05]"
ecad6845f630,0,0,1.0,"[1.0, 1.109084113437575e-08, 4.1667808092782366e-10, 2.7678582082552028e-12, 8.749988233969219e-11]",0,0.9944952130317688,"[0.9944952130317688, 0.0002847098803613335, 4.423787686391734e-06, 2.753502849373035e-05, 0.005188069771975279]"
ecb4500285ed,0,0,1.0,"[1.0, 3.67662096323329e-08, 1.7789449913152566e-09, 3.051018604427469e-10, 3.0717181576100927e-10]",0,0.999954104423523,"[0.999954104423523, 4.4377517042448744e-05, 1.365252160212549e-06, 3.1841569381185764e-08, 1.0540551897975092e-07]"
ed246ae1ed08,4,4,0.6014097332954407,"[0.0009487329516559839, 0.030840575695037842, 0.24769344925880432, 0.11910751461982727, 0.6014097332954407]",4,0.6772075295448303,"[0.00168321852106601, 0.024434341117739677, 0.12065096944570541, 0.17602401971817017, 0.6772075295448303]"
ed2c06fcc573,2,2,0.7582167387008667,"[0.003110839519649744, 0.06999105215072632, 0.7582167387008667, 0.05118846148252487, 0.1174929291009903]",2,0.6821808815002441,"[0.005309674423187971, 0.17020303010940552, 0.6821808815002441, 0.04836771637201309, 0.09393869340419769]"
ed2c52c14493,0,0,0.9996271133422852,"[0.9996271133422852, 0.0001491662987973541, 0.00018909387290477753, 2.2347689991875086e-06, 3.2261752494378015e-05]",0,0.970116376876831,"[0.970116376876831, 0.01972660794854164, 0.009088614955544472, 8.588707714807242e-05, 0.0009825234301388264]"
ed2ef440d22c,0,0,0.9998788833618164,"[0.9998788833618164, 9.662935190135613e-05, 2.3447839339496568e-05, 1.707725232336088e-07, 7.894431064414675e-07]",0,0.9943004846572876,"[0.9943004846572876, 0.00510054687038064, 0.0005825442494824529, 1.0898684195126407e-06, 1.5254954632837325e-05]"
ed3a0fc5b546,4,4,0.9669574499130249,"[4.266694304533303e-07, 1.2327634067332838e-05, 7.47995898109366e-07, 0.033029090613126755, 0.9669574499130249]",4,0.9368853569030762,"[1.2215127753734123e-06, 6.304615089902654e-05, 2.2177002392709255e-05, 0.06302818655967712, 0.9368853569030762]"
ed3ce1674761,0,0,0.8071272969245911,"[0.8071272969245911, 0.06984328478574753, 0.10544317960739136, 0.000925934175029397, 0.01666034385561943]",2,0.3833564221858978,"[0.26296642422676086, 0.31001758575439453, 0.3833564221858978, 0.003993791528046131, 0.039665866643190384]"
ed648b9bcd95,0,0,0.9998773336410522,"[0.9998773336410522, 0.00012077615247108042, 1.4326692507893313e-06, 5.503846978172078e-08, 4.0888460262067383e-07]",0,0.9851562976837158,"[0.9851562976837158, 0.014684049412608147, 0.0001503328821854666, 5.519498813555401e-07, 8.756909664953128e-06]"
ed6704e3b72e,3,2,0.5791673064231873,"[0.0054255081340670586, 0.06497364491224289, 0.5791673064231873, 0.17296883463859558, 0.17746467888355255]",2,0.6982905268669128,"[0.004812378436326981, 0.20817869901657104, 0.6982905268669128, 0.0392308384180069, 0.04948758706450462]"
ed6bd9293a89,0,2,0.5271658301353455,"[0.23093056678771973, 0.22483552992343903, 0.5271658301353455, 0.0006467232597060502, 0.016421353444457054]",0,0.9815523028373718,"[0.9815523028373718, 0.01237831637263298, 0.0059174601919949055, 1.2826630154449958e-05, 0.00013911238056607544]"
ed88faaa325a,2,1,0.6150437593460083,"[0.07515674829483032, 0.6150437593460083, 0.2886810302734375, 0.003618449904024601, 0.017499957233667374]",1,0.7312628626823425,"[0.053095921874046326, 0.7312628626823425, 0.19772712886333466, 0.002359819132834673, 0.01555428933352232]"
eda1d75cbcf0,0,0,0.9999960660934448,"[0.9999960660934448, 3.3551661999808857e-06, 5.395530138230242e-07, 4.1088461522065245e-09, 2.0774511000354323e-08]",0,0.9881316423416138,"[0.9881316423416138, 0.007592940703034401, 0.003505230648443103, 4.801360046258196e-05, 0.0007222152198664844]"
eda29a9d78f3,0,0,0.8728869557380676,"[0.8728869557380676, 0.02897876687347889, 0.09342900663614273, 0.000331837305566296, 0.0043734535574913025]",0,0.9808315634727478,"[0.9808315634727478, 0.013782878406345844, 0.005251530557870865, 1.9217792214476503e-05, 0.00011484712740639225]"
edceb0657d77,0,0,1.0,"[1.0, 1.8702136728165897e-08, 2.6442309453145185e-10, 4.588766519542098e-11, 8.13447711967008e-11]",0,0.9999995231628418,"[0.9999995231628418, 4.884891495748889e-07, 3.8385672418428385e-09, 9.402647410672316e-11, 6.963695731165842e-10]"
ee02294cc3d9,2,2,0.4475387930870056,"[0.0005605011247098446, 0.009816380217671394, 0.4475387930870056, 0.28361818194389343, 0.25846609473228455]",2,0.7375364899635315,"[0.001379821333102882, 0.03621187061071396, 0.7375364899635315, 0.14122022688388824, 0.08365161716938019]"
ee059945b08a,2,4,0.42448800802230835,"[0.02077656425535679, 0.12501171231269836, 0.38830819725990295, 0.04141559079289436, 0.42448800802230835]",4,0.9562692642211914,"[0.00048039224930107594, 0.006909199059009552, 0.0008445724379271269, 0.035496536642313004, 0.9562692642211914]"
ee1ec90b980f,4,2,0.6316214799880981,"[0.002936149947345257, 0.04111477732658386, 0.6316214799880981, 0.1282019019126892, 0.19612573087215424]",2,0.8091352581977844,"[0.003082924522459507, 0.07584797590970993, 0.8091352581977844, 0.04077006131410599, 0.07116375863552094]"
ee2c2a5f7d0e,2,2,0.6868465542793274,"[0.003594217589125037, 0.2433854043483734, 0.6868465542793274, 0.010492758825421333, 0.0556810162961483]",2,0.537356972694397,"[0.003953894600272179, 0.38934049010276794, 0.537356972694397, 0.017270676791667938, 0.05207793787121773]"
ee36ca728641,0,0,0.9999879598617554,"[0.9999879598617554, 3.6993712910771137e-06, 3.463346729404293e-06, 1.0606064506646362e-06, 3.8089694953669095e-06]",0,0.9995959401130676,"[0.9995959401130676, 0.00021052765077911317, 5.5710112064844e-05, 5.9665685512300115e-06, 0.000131775886984542]"
ee3f5cf52188,0,0,1.0,"[1.0, 9.889982166555455e-09, 4.491107041815212e-09, 2.6230279059902273e-10, 8.773773374493032e-10]",0,0.9999983310699463,"[0.9999983310699463, 1.168358380709833e-06, 3.5986997204418003e-07, 8.13037637215075e-09, 1.580417290369951e-07]"
ee3fe7809e6a,0,0,0.9999998807907104,"[0.9999998807907104, 8.115102900774218e-08, 2.2933571486305482e-08, 1.7492047810208078e-09, 3.4947365001869457e-09]",0,0.999988317489624,"[0.999988317489624, 1.0860065231099725e-05, 6.767168088117614e-07, 2.411632316068335e-08, 1.297722178605909e-07]"
ee6e39319b39,2,2,0.7723830938339233,"[0.005026926752179861, 0.07101570814847946, 0.7723830938339233, 0.06633424758911133, 0.08524006605148315]",2,0.7317914962768555,"[0.005253369454294443, 0.13968506455421448, 0.7317914962768555, 0.049131814390420914, 0.07413822412490845]"
ee74c3b177e0,2,2,0.5827776193618774,"[0.008649359457194805, 0.15369343757629395, 0.5827776193618774, 0.09986917674541473, 0.1550104022026062]",2,0.3673296868801117,"[0.004655294120311737, 0.2531577944755554, 0.3673296868801117, 0.177025705575943, 0.1978316307067871]"
ee77763a6afb,0,0,0.9999982118606567,"[0.9999982118606567, 1.7575753190612886e-06, 4.254904695244477e-08, 4.8242054795366585e-09, 9.231268194298536e-09]",0,0.9993771910667419,"[0.9993771910667419, 0.0006128106615506113, 9.169202712655533e-06, 1.6048851136929443e-07, 6.797451987949898e-07]"
ee78ce914066,1,1,0.6206462383270264,"[0.016392240300774574, 0.6206462383270264, 0.28508806228637695, 0.004768986254930496, 0.07310450822114944]",4,0.39281830191612244,"[0.009516172111034393, 0.3442494869232178, 0.2341110110282898, 0.01930505968630314, 0.39281830191612244]"
eeaea2c5ff34,0,0,0.9999985694885254,"[0.9999985694885254, 1.0580607749943738e-06, 2.010033455235316e-07, 1.1135465882716744e-08, 1.0413724282898329e-07]",0,0.9999167919158936,"[0.9999167919158936, 8.087539754342288e-05, 1.855710479503614e-06, 3.61318015507095e-08, 3.8227099707910384e-07]"
eeb231c3ef1f,1,1,0.6958548426628113,"[0.01329756248742342, 0.6958548426628113, 0.26824161410331726, 0.00220939377322793, 0.020396655425429344]",1,0.7087874412536621,"[0.03322514891624451, 0.7087874412536621, 0.24347494542598724, 0.001556826289743185, 0.012955660931766033]"
eebd1e195952,0,0,1.0,"[1.0, 1.3429340306458926e-08, 1.913405128783907e-10, 4.441549211753326e-11, 2.4616345420391816e-11]",0,0.9999974966049194,"[0.9999974966049194, 2.5391896087967325e-06, 4.295362643347289e-08, 1.3941803267414343e-09, 1.918623704355582e-09]"
eed4afc8ec83,1,0,0.9983574748039246,"[0.9983574748039246, 0.0013433605199679732, 0.0002820421359501779, 2.087268057948677e-06, 1.5004416127339937e-05]",0,0.9981069564819336,"[0.9981069564819336, 0.0017885949928313494, 9.900410077534616e-05, 3.439612044076057e-07, 5.168847110326169e-06]"
eedae6b28f96,0,0,0.9999871253967285,"[0.9999871253967285, 1.1600700418057386e-05, 7.396901651191001e-07, 7.004057067661051e-08, 4.894502581009874e-07]",4,0.9611803293228149,"[0.0027901846915483475, 0.0015809504548087716, 2.9599363188026473e-05, 0.034418996423482895, 0.9611803293228149]"
ef247f28004f,0,0,1.0,"[1.0, 8.616673596861801e-09, 1.3182503977304805e-09, 2.964823386797377e-10, 1.70634242846468e-10]",0,0.9999986886978149,"[0.9999986886978149, 1.2584860087372363e-06, 3.1625027929749194e-08, 1.5621124394016306e-09, 2.505952112485943e-09]"
ef26625121b3,4,4,0.91948401927948,"[0.00011308378452667966, 0.0014530683401972055, 0.004910318646579981, 0.07403942942619324, 0.91948401927948]",4,0.7887299656867981,"[0.00015499310393352062, 0.002660078927874565, 0.008544676937162876, 0.19991028308868408, 0.7887299656867981]"
ef4121e9bb67,0,0,0.999962568283081,"[0.999962568283081, 2.7419593607191928e-05, 9.90159242064692e-06, 4.354140159534836e-08, 1.5843009748550685e-07]",0,0.9986847043037415,"[0.9986847043037415, 0.00124564568977803, 6.813035724917427e-05, 3.7747892633888114e-07, 1.199755956804438e-06]"
ef476be214d4,0,0,1.0,"[1.0, 4.137111986324271e-08, 2.1465376143225967e-09, 4.2069250860699015e-10, 5.875486763784465e-10]",0,0.9999986886978149,"[0.9999986886978149, 1.3649223546963185e-06, 2.321379355407771e-08, 9.976279802259569e-10, 3.6040790352132035e-09]"
ef48780f5d5f,0,0,0.9999938011169434,"[0.9999938011169434, 4.305332367948722e-06, 1.7928068700712174e-06, 1.3876493731856954e-08, 1.0099461178469937e-07]",0,0.9999480247497559,"[0.9999480247497559, 4.2444524297025055e-05, 9.303802471549716e-06, 3.9725691181047296e-08, 2.093569122507688e-07]"
ef5155990874,0,0,0.9828541278839111,"[0.9828541278839111, 0.0035229662898927927, 0.012517216615378857, 4.533872561296448e-05, 0.0010603925911709666]",0,0.7880196571350098,"[0.7880196571350098, 0.06843580305576324, 0.09705444425344467, 0.003109351033344865, 0.04338069260120392]"
ef7a4ed8d5d1,2,2,0.8316712379455566,"[0.004576366860419512, 0.14452965557575226, 0.8316712379455566, 0.004699655342847109, 0.014523046091198921]",1,0.6478837728500366,"[0.011623421683907509, 0.6478837728500366, 0.3291846215724945, 0.0016338154673576355, 0.009674355387687683]"
ef7eb85b75fc,0,0,0.9999206066131592,"[0.9999206066131592, 6.750267493771389e-05, 1.1057208212150726e-05, 1.2304704455345927e-07, 7.045800884952769e-07]",0,0.9991496801376343,"[0.9991496801376343, 0.0007776299025863409, 6.310084427241236e-05, 4.346952664491255e-07, 9.190206583298277e-06]"
ef8109305128,1,2,0.6404640078544617,"[0.026863183826208115, 0.18288052082061768, 0.6404640078544617, 0.0278577022254467, 0.12193460762500763]",4,0.7944256067276001,"[0.001584639772772789, 0.03865412250161171, 0.06844759732484818, 0.09688801318407059, 0.7944256067276001]"
ef81cd8854cb,0,0,0.9999885559082031,"[0.9999885559082031, 8.064462235779501e-06, 3.230086576877511e-06, 2.9801626055814268e-08, 1.465483592255623e-07]",0,0.9997883439064026,"[0.9997883439064026, 0.00017802072397898883, 3.210295835742727e-05, 2.2205068717084941e-07, 1.2804840707758558e-06]"
ef8c39eb9157,0,0,0.9999505281448364,"[0.9999505281448364, 4.273030936019495e-05, 4.1191838136001024e-06, 5.759777081948414e-07, 2.012813183682738e-06]",0,0.9957226514816284,"[0.9957226514816284, 0.004045085050165653, 0.00020031411258969456, 4.1042640077648684e-06, 2.7755047995015047e-05]"
ef99c499d665,0,0,0.9999662637710571,"[0.9999662637710571, 2.9745920983259566e-05, 3.8031373605917906e-06, 1.6139885872235027e-08, 1.3031007028985186e-07]",0,0.9969814419746399,"[0.9969814419746399, 0.002464428311213851, 0.0005231194081716239, 2.2450806227425346e-06, 2.8639877200475894e-05]"
efff2f1a35f5,2,2,0.5735338926315308,"[0.0035459110513329506, 0.1476401686668396, 0.5735338926315308, 0.023253507912158966, 0.2520264685153961]",2,0.47160542011260986,"[0.0036117348354309797, 0.0879070907831192, 0.47160542011260986, 0.08110322803258896, 0.35577255487442017]"
f002ce614c59,0,0,0.9999996423721313,"[0.9999996423721313, 3.245071411583922e-07, 1.1457748527732292e-08, 1.1096114999054052e-10, 2.195525761194972e-09]",0,0.9999337196350098,"[0.9999337196350098, 6.302636029431596e-05, 5.509227776201442e-07, 5.3943011835144716e-08, 2.623169848448015e-06]"
f0098e9d4aee,4,4,0.905296802520752,"[0.0002721307391766459, 0.002485262928530574, 0.0015961509197950363, 0.09034965187311172, 0.905296802520752]",4,0.844015896320343,"[0.0006179956835694611, 0.006768631283193827, 0.00792464055120945, 0.14067287743091583, 0.844015896320343]"
f00ce9b9d6f4,0,0,0.8468230366706848,"[0.8468230366706848, 0.03348032385110855, 0.11055265367031097, 0.0004123116086702794, 0.008731601759791374]",0,0.9226077795028687,"[0.9226077795028687, 0.02313036099076271, 0.046710092574357986, 0.00023799663176760077, 0.007313822396099567]"
f02057c41256,0,0,0.9998158812522888,"[0.9998158812522888, 0.00017847763956524432, 5.496774519997416e-06, 2.8207995939055763e-08, 7.380637612186547e-08]",0,0.5771387815475464,"[0.5771387815475464, 0.0915987491607666, 0.0030432865023612976, 0.005416760221123695, 0.3228023946285248]"
f025f33b2c9b,4,4,0.5699766278266907,"[0.00027866492746397853, 0.0030238309409469366, 0.0448017455637455, 0.3819192051887512, 0.5699766278266907]",4,0.6193446516990662,"[0.0003439669671934098, 0.004907282069325447, 0.017445851117372513, 0.3579583168029785, 0.6193446516990662]"
f0267c42907c,0,0,0.9999991655349731,"[0.9999991655349731, 6.860725534352241e-07, 1.458853091662604e-07, 8.786681604533442e-09, 1.0411739914673035e-08]",0,0.9999244213104248,"[0.9999244213104248, 6.839588604634628e-05, 7.091332918207627e-06, 6.474520830579422e-08, 1.6936968449954293e-07]"
f02956bd7c50,0,0,0.9999997615814209,"[0.9999997615814209, 2.510659840027074e-07, 3.2215673684277135e-08, 5.083298670882641e-09, 1.0666015626270564e-08]",0,0.9999465942382812,"[0.9999465942382812, 5.078357207821682e-05, 2.2723290840076515e-06, 3.357288491656618e-08, 3.047975098979805e-07]"
f02babb3a023,0,0,0.9999994039535522,"[0.9999994039535522, 5.265711706670118e-07, 7.606305985063955e-08, 4.2040590453318316e-10, 1.2972825036428048e-09]",0,0.9994818568229675,"[0.9994818568229675, 0.0004625642322935164, 5.3551437304122373e-05, 3.4273767823833623e-07, 1.8298431996299769e-06]"
f03d3c4ce7fb,4,2,0.6466223001480103,"[0.01592784747481346, 0.2109227478504181, 0.6466223001480103, 0.030794672667980194, 0.09573236107826233]",2,0.7024512887001038,"[0.007044615224003792, 0.24218370020389557, 0.7024512887001038, 0.018294990062713623, 0.03002539649605751]"
f0546a45ef10,0,0,0.9999685287475586,"[0.9999685287475586, 1.735529804136604e-05, 1.3700749150302727e-05, 5.261591340399718e-08, 3.4492560985199816e-07]",0,0.9902371764183044,"[0.9902371764183044, 0.008382268249988556, 0.0013456535525619984, 5.48431080460432e-06, 2.9521757824113593e-05]"
f066db7a2efe,0,0,0.48673126101493835,"[0.48673126101493835, 0.4833642840385437, 0.02641458623111248, 0.00044020061613991857, 0.0030496688559651375]",1,0.7290797233581543,"[0.1701434850692749, 0.7290797233581543, 0.04809485375881195, 0.002335895551368594, 0.05034607648849487]"
f06e7a9df795,0,0,0.999930739402771,"[0.999930739402771, 6.613077857764438e-05, 2.9977370559208794e-06, 2.8455175993258308e-08, 9.847552462360909e-08]",0,0.8343712091445923,"[0.8343712091445923, 0.0976371243596077, 0.007304701954126358, 0.0025383064057677984, 0.0581485889852047]"
f0800723bc63,2,2,0.7678629159927368,"[0.005834527313709259, 0.15533480048179626, 0.7678629159927368, 0.022270044311881065, 0.048697713762521744]",2,0.8292102813720703,"[0.004198439884930849, 0.13377998769283295, 0.8292102813720703, 0.007836535573005676, 0.02497468888759613]"
f080a22008be,3,2,0.4247809052467346,"[0.0030878984834998846, 0.023079797625541687, 0.4247809052467346, 0.29995444416999817, 0.2490970343351364]",2,0.39514192938804626,"[0.00228567305020988, 0.02351767010986805, 0.39514192938804626, 0.3094783425331116, 0.26957637071609497]"
f0860c21533b,0,0,0.9998373985290527,"[0.9998373985290527, 0.00015059561701491475, 4.913450993626611e-06, 7.736834390925651e-07, 6.376475994329667e-06]",4,0.8665400147438049,"[0.028012854978442192, 0.027134617790579796, 0.001019484014250338, 0.07729306817054749, 0.8665400147438049]"
f092febbf5c0,3,2,0.7794095873832703,"[0.0013140147784724832, 0.029897872358560562, 0.7794095873832703, 0.10912930220365524, 0.08024913817644119]",2,0.8469486236572266,"[0.0017112118657678366, 0.03488868102431297, 0.8469486236572266, 0.06847938150167465, 0.047972068190574646]"
f09cfc6a4dbd,0,0,0.9999885559082031,"[0.9999885559082031, 1.0459963959874585e-05, 1.0077487786475103e-06, 8.628663117349333e-09, 2.1727242227598254e-08]",0,0.9957346320152283,"[0.9957346320152283, 0.0039823721162974834, 0.00027180087636224926, 2.5096896933973767e-06, 8.617022103862837e-06]"
f09fd9433dff,0,0,0.9999979734420776,"[0.9999979734420776, 1.711271693238814e-06, 3.72855282648743e-07, 4.583994073215081e-09, 2.0002216771786152e-08]",0,0.505009114742279,"[0.505009114742279, 0.11713994294404984, 0.1672978550195694, 0.01606103591620922, 0.19449204206466675]"
f0a2dc580009,0,0,1.0,"[1.0, 3.2800158145107616e-09, 1.1498900442941107e-10, 1.5900754671283046e-11, 3.3152661171875764e-11]",0,0.9999992847442627,"[0.9999992847442627, 6.84369638292992e-07, 1.4407431692120554e-08, 6.039405087143734e-10, 3.0245672633100185e-09]"
f0c0f7b5e820,2,4,0.8126277327537537,"[0.002998501528054476, 0.03407318517565727, 0.07810196280479431, 0.07219865173101425, 0.8126277327537537]",4,0.753205418586731,"[0.0030189547687768936, 0.05211634561419487, 0.09423902630805969, 0.09742021560668945, 0.753205418586731]"
f0c13be90519,1,0,0.47572439908981323,"[0.47572439908981323, 0.468824565410614, 0.043754942715168, 0.0024939551949501038, 0.00920206680893898]",1,0.9150784015655518,"[0.059247590601444244, 0.9150784015655518, 0.01799503155052662, 0.0006837824475951493, 0.006995260715484619]"
f0e1201b5c1f,0,0,1.0,"[1.0, 3.09759045080682e-08, 2.5202586684258677e-09, 7.09633407591781e-10, 6.404476948773663e-10]",0,0.9999971389770508,"[0.9999971389770508, 2.783460331556853e-06, 1.0337636524582194e-07, 2.558563139132275e-09, 1.0133451411320493e-08]"
f0f89314e860,4,4,0.739820659160614,"[0.0005965151940472424, 0.004287114366889, 0.01768060401082039, 0.23761515319347382, 0.739820659160614]",4,0.6746471524238586,"[0.0005750855780206621, 0.007200238760560751, 0.017101198434829712, 0.3004763424396515, 0.6746471524238586]"
f18abfa690ab,2,1,0.615056574344635,"[0.006392366252839565, 0.615056574344635, 0.32249927520751953, 0.006421648897230625, 0.04963013529777527]",1,0.7673956155776978,"[0.0023194754030555487, 0.7673956155776978, 0.21303333342075348, 0.0020706101786345243, 0.015180992893874645]"
f1979147aad4,0,0,0.9999998807907104,"[0.9999998807907104, 9.845302884059492e-08, 5.373357314653049e-09, 2.2921860590163767e-11, 3.264398473756813e-10]",0,0.9991843104362488,"[0.9991843104362488, 0.0005205307970754802, 1.0465525519975927e-05, 3.7040877032268327e-06, 0.0002809698926284909]"
f1a761c68559,2,2,0.6721466183662415,"[0.009392731823027134, 0.22449249029159546, 0.6721466183662415, 0.022115033119916916, 0.0718531608581543]",2,0.7020715475082397,"[0.011484411545097828, 0.23062025010585785, 0.7020715475082397, 0.01558934710919857, 0.04023445397615433]"
f1d719c97838,0,0,0.9999603033065796,"[0.9999603033065796, 2.8249885872355662e-05, 1.0418502824904863e-05, 2.727142884850764e-07, 7.959234267218562e-07]",0,0.9965787529945374,"[0.9965787529945374, 0.0030659085605293512, 0.00033919073757715523, 3.3767005334084388e-06, 1.2796779628843069e-05]"
f1dc26c4bfa3,4,4,0.5206210017204285,"[0.04644850641489029, 0.13008390367031097, 0.19793960452079773, 0.10490701347589493, 0.5206210017204285]",1,0.4069437086582184,"[0.020852848887443542, 0.4069437086582184, 0.3543100953102112, 0.0395318977534771, 0.1783614605665207]"
f2094a20b275,2,0,0.52891606092453,"[0.52891606092453, 0.31299224495887756, 0.13239888846874237, 0.004792992491275072, 0.020899740979075432]",1,0.7301867008209229,"[0.09297081083059311, 0.7301867008209229, 0.14398498833179474, 0.005479257553815842, 0.027378343045711517]"
f233638e0e90,0,0,0.9999717473983765,"[0.9999717473983765, 2.75199199677445e-05, 2.6835797939384065e-07, 1.7698120302611642e-08, 4.787449370269314e-07]",0,0.9989513158798218,"[0.9989513158798218, 0.0010290064383298159, 1.1400719813536853e-05, 1.3377038499129412e-07, 8.077668098849244e-06]"
f23902998c21,2,4,0.5526406168937683,"[0.003484835382550955, 0.033886514604091644, 0.2295432835817337, 0.18044468760490417, 0.5526406168937683]",1,0.3554304838180542,"[0.027786172926425934, 0.3554304838180542, 0.2719394564628601, 0.09982983767986298, 0.2450140416622162]"
f252046c0fe6,0,0,0.9960982799530029,"[0.9960982799530029, 0.00020256511925254017, 0.0016746178735047579, 4.22615630668588e-05, 0.0019822544418275356]",0,0.7883449196815491,"[0.7883449196815491, 0.015063061378896236, 0.020465843379497528, 0.007735976949334145, 0.16839013993740082]"
f26b02ead915,0,0,1.0,"[1.0, 4.2688288459658e-08, 4.595164693199649e-09, 8.637023318769366e-10, 6.851423317577598e-10]",0,0.9999611377716064,"[0.9999611377716064, 3.6624856875278056e-05, 2.04205730369722e-06, 6.133383578799112e-08, 1.448447761731586e-07]"
f298b7d05958,0,0,0.9996753931045532,"[0.9996753931045532, 0.0002643093466758728, 5.837898061145097e-05, 2.162656471682567e-07, 1.6504916402482195e-06]",0,0.9957520961761475,"[0.9957520961761475, 0.0038692636881023645, 0.00036109951906837523, 2.293727675350965e-06, 1.5178417015704326e-05]"
f2c0b41acd05,0,0,1.0,"[1.0, 1.0689153562282172e-08, 1.5216238269388782e-09, 2.0575036119296897e-10, 4.502941908235414e-10]",0,0.9999980926513672,"[0.9999980926513672, 1.7567256236361573e-06, 6.607215397025357e-08, 5.2762962887697995e-09, 3.471525999998448e-08]"
f2d2a0c92034,4,4,0.9628587961196899,"[1.824806895456277e-05, 0.00016379356384277344, 0.00017620429571252316, 0.03678293898701668, 0.9628587961196899]",4,0.9352818131446838,"[1.1452149010438006e-05, 0.00018902418378274888, 8.486182196065784e-05, 0.0644327849149704, 0.9352818131446838]"
f2ee81781411,2,2,0.9247035980224609,"[0.002188693732023239, 0.05651093274354935, 0.9247035980224609, 0.0038979582022875547, 0.012698725797235966]",2,0.8907623291015625,"[0.0019706045277416706, 0.021280784159898758, 0.8907623291015625, 0.01794518157839775, 0.06804117560386658]"
f2f569a64949,0,0,0.9999957084655762,"[0.9999957084655762, 3.129490778519539e-06, 1.011325934996421e-06, 3.6160713534627575e-08, 1.2774148672178853e-07]",0,0.9999818801879883,"[0.9999818801879883, 1.693829835858196e-05, 1.1289457688690163e-06, 1.3832357481646795e-08, 1.2825950079786708e-07]"
f30f203ef51e,2,2,0.8982666730880737,"[0.00014444963017012924, 0.09937435388565063, 0.8982666730880737, 0.0007799557643011212, 0.0014345698291435838]",2,0.7786799073219299,"[0.006652133073657751, 0.21120883524417877, 0.7786799073219299, 0.0016004778444766998, 0.0018586558289825916]"
f35d80bb1a22,0,0,0.9880502820014954,"[0.9880502820014954, 0.002560736844316125, 0.008644728921353817, 3.5975739592686296e-05, 0.0007083325181156397]",0,0.6552276015281677,"[0.6552276015281677, 0.03896939754486084, 0.24586713314056396, 0.002055017976090312, 0.057880815118551254]"
f361060eda3e,0,0,0.9999716281890869,"[0.9999716281890869, 1.9880088075296953e-05, 8.055932084971573e-06, 5.887261522730114e-08, 3.2297384677804075e-07]",0,0.9972968697547913,"[0.9972968697547913, 0.0018202629871666431, 0.0008015262428671122, 4.8032720769697335e-06, 7.652623753529042e-05]"
f366fb1cc475,0,0,0.9999849796295166,"[0.9999849796295166, 1.119532225857256e-05, 3.6660621844930574e-06, 3.255206948438172e-08, 1.0602175137819358e-07]",0,0.9995318651199341,"[0.9995318651199341, 0.0004372012335807085, 2.807682722050231e-05, 2.987132745602139e-07, 2.485954837538884e-06]"
f36cb007a1ef,0,0,0.9999681711196899,"[0.9999681711196899, 2.84116504190024e-05, 3.3932747101061977e-06, 1.713673647429914e-08, 1.5170476785897336e-07]",0,0.9984580278396606,"[0.9984580278396606, 0.0014490907778963447, 8.866455755196512e-05, 3.672956552236428e-07, 3.753986902665929e-06]"
f3a268d2726d,2,2,0.4983080327510834,"[0.012976078316569328, 0.08949124068021774, 0.4983080327510834, 0.13132862746715546, 0.26789602637290955]",4,0.8844947218894958,"[8.772771252552047e-06, 9.691305604064837e-05, 7.58177384341252e-06, 0.11539197713136673, 0.8844947218894958]"
f3a4751af42e,0,0,0.8547265529632568,"[0.8547265529632568, 0.08560851961374283, 0.05453376844525337, 0.0003820227866526693, 0.004749164450913668]",0,0.8749063014984131,"[0.8749063014984131, 0.10717250406742096, 0.017498519271612167, 6.062164538889192e-05, 0.0003620156494434923]"
f3a88d3026dc,2,2,0.8400211930274963,"[0.0009017394040711224, 0.005799139384180307, 0.8400211930274963, 0.03213384374976158, 0.12114410847425461]",2,0.8258323669433594,"[0.007634753827005625, 0.02249947562813759, 0.8258323669433594, 0.03411167860031128, 0.1099216490983963]"
f3b27ac2d371,0,0,0.9999948740005493,"[0.9999948740005493, 4.678991444961866e-06, 4.546889158518752e-07, 6.254226470048252e-09, 1.0732777333544163e-08]",0,0.9996542930603027,"[0.9996542930603027, 0.00032288258080370724, 2.1218060282990336e-05, 1.768124633372281e-07, 1.3720597280553193e-06]"
f3b6b7ca1eb1,2,2,0.69908207654953,"[0.002160675125196576, 0.06703000515699387, 0.69908207654953, 0.07040510326623917, 0.16132214665412903]",2,0.6885817050933838,"[0.004266488831490278, 0.18428826332092285, 0.6885817050933838, 0.03257875517010689, 0.0902848020195961]"
f3bb996b45ce,0,0,0.9999980926513672,"[0.9999980926513672, 1.0697851848817663e-06, 7.126993750716792e-07, 5.9508620253723166e-09, 8.602818724057215e-08]",0,0.9974310994148254,"[0.9974310994148254, 0.0019875909201800823, 0.0005118323606438935, 3.648746542239678e-06, 6.579652108484879e-05]"
f3cd489acbee,2,2,0.89985591173172,"[0.0007722509326413274, 0.04362911358475685, 0.89985591173172, 0.024864641949534416, 0.030878078192472458]",2,0.6395679712295532,"[0.001791019574739039, 0.041169267147779465, 0.6395679712295532, 0.1033051386475563, 0.21416661143302917]"
f42b693a9414,0,0,0.9999998807907104,"[0.9999998807907104, 1.1206243755168543e-07, 2.0027833613767143e-08, 1.4866843311978073e-09, 3.1404985278982167e-09]",0,0.9999887943267822,"[0.9999887943267822, 1.0648312127159443e-05, 4.817497938347515e-07, 1.3281319155566962e-08, 6.566649091155341e-08]"
f431f2e119d7,0,0,1.0,"[1.0, 2.3199749676905412e-08, 9.68986668681282e-10, 1.9354907954127754e-10, 1.2018011585901434e-10]",0,0.9999948740005493,"[0.9999948740005493, 5.041424628871027e-06, 9.121921351606943e-08, 4.765612793278251e-09, 9.442980619667196e-09]"
f451eee2b66b,0,0,0.999954104423523,"[0.999954104423523, 4.3898246076423675e-05, 2.0624797798518557e-06, 1.553859974023908e-08, 5.33146220504932e-08]",0,0.9961934089660645,"[0.9961934089660645, 0.0036890243645757437, 0.00011475227074697614, 5.275561534290318e-07, 2.3500588213209994e-06]"
f45f1485c940,2,1,0.6948630809783936,"[0.0239492766559124, 0.6948630809783936, 0.23078691959381104, 0.005580137018114328, 0.04482061415910721]",1,0.5653076171875,"[0.009711453691124916, 0.5653076171875, 0.35551321506500244, 0.0075682406313717365, 0.061899472028017044]"
f460608cf4cc,2,2,0.5037510991096497,"[0.12251575291156769, 0.3189125955104828, 0.5037510991096497, 0.00928700715303421, 0.04553354158997536]",4,0.7416226863861084,"[0.014286652207374573, 0.059066224843263626, 0.06976193934679031, 0.11526244878768921, 0.7416226863861084]"
f47a2a4a0411,1,1,0.8397889137268066,"[0.044808194041252136, 0.8397889137268066, 0.10581877082586288, 0.0018710203003138304, 0.007712970953434706]",1,0.8805378079414368,"[0.05969644710421562, 0.8805378079414368, 0.0578065849840641, 0.0003836165415123105, 0.0015755421482026577]"
f481f76a6b75,1,2,0.593262791633606,"[0.007206575945019722, 0.3391314446926117, 0.593262791633606, 0.010467730462551117, 0.049931492656469345]",2,0.667632520198822,"[0.0024834671057760715, 0.27484753727912903, 0.667632520198822, 0.010804486460983753, 0.04423195496201515]"
f48241b0c995,0,0,1.0,"[1.0, 1.0722335908042169e-08, 1.1608118910544363e-09, 1.3991643954547328e-10, 9.674773482348797e-11]",0,0.9999948740005493,"[0.9999948740005493, 4.844361683353782e-06, 1.9448425803147984e-07, 4.952439347505333e-09, 1.8340553964435458e-08]"
f4874247ede6,0,0,0.9999990463256836,"[0.9999990463256836, 9.124721600528574e-07, 5.555376958454872e-08, 7.043497340930571e-09, 4.584934654161543e-09]",0,0.9998830556869507,"[0.9998830556869507, 0.00011144781456096098, 5.116064585308777e-06, 6.927852069793516e-08, 2.0989708104934834e-07]"
f4c7ae514c54,0,0,0.9999998807907104,"[0.9999998807907104, 1.201185284571693e-07, 7.851602923381051e-09, 1.2817243932872202e-09, 8.805861040350749e-10]",0,0.9999797344207764,"[0.9999797344207764, 1.949786746990867e-05, 7.684626552872942e-07, 1.9264525974449498e-08, 4.699854727618913e-08]"
f4d3169b468a,0,0,0.9999895095825195,"[0.9999895095825195, 9.745650459080935e-06, 7.357907065852487e-07, 8.05751554366907e-09, 8.417863739396125e-09]",0,0.9984962940216064,"[0.9984962940216064, 0.0014271638356149197, 7.401845505228266e-05, 5.257059569885314e-07, 1.9656840777315665e-06]"
f4d3777f2710,2,2,0.8306533098220825,"[0.0044213044457137585, 0.04470644146203995, 0.8306533098220825, 0.0737195685505867, 0.046499330550432205]",2,0.806342601776123,"[0.0030446245800703764, 0.08113765716552734, 0.806342601776123, 0.05875773727893829, 0.05071737617254257]"
f4de9620e3f2,0,0,0.9998825788497925,"[0.9998825788497925, 0.00011449603334767744, 2.7291985134070273e-06, 3.0777286497141176e-08, 6.013132747284544e-08]",0,0.6619702577590942,"[0.6619702577590942, 0.15612225234508514, 0.011816282756626606, 0.01811879314482212, 0.15197250247001648]"
f4df3d86688d,0,0,0.9999997615814209,"[0.9999997615814209, 2.435681096812914e-07, 2.061268311592812e-08, 2.324613973536671e-10, 9.905246622921027e-10]",0,0.9999827146530151,"[0.9999827146530151, 1.44827890835586e-05, 2.563109092079685e-06, 1.6653672219035798e-08, 9.194211969543176e-08]"
f4e68b61f480,0,0,0.9995303153991699,"[0.9995303153991699, 0.00044176517985761166, 2.6528137823333964e-05, 4.5521861125052965e-07, 9.032172556544538e-07]",0,0.49667638540267944,"[0.49667638540267944, 0.2099057286977768, 0.008078099228441715, 0.009185201488435268, 0.27615460753440857]"
f4ea2a2cfbb9,0,0,0.9737323522567749,"[0.9737323522567749, 0.008265534415841103, 0.01458398625254631, 0.00018702105444390327, 0.003231053240597248]",0,0.9944837689399719,"[0.9944837689399719, 0.003998837433755398, 0.0011904623825103045, 1.5502624592045322e-05, 0.0003113744023721665]"
f531232ecb55,0,2,0.6323882341384888,"[0.09638608247041702, 0.20167021453380585, 0.6323882341384888, 0.004413784947246313, 0.06514162570238113]",2,0.40046000480651855,"[0.21911950409412384, 0.3691876530647278, 0.40046000480651855, 0.0010710045462474227, 0.010161811485886574]"
f549294e12e1,4,4,0.5175149440765381,"[0.016018018126487732, 0.16257283091545105, 0.18567456305027008, 0.11821962147951126, 0.5175149440765381]",4,0.6433351635932922,"[0.03202451765537262, 0.1542360931634903, 0.07798390090465546, 0.09242027997970581, 0.6433351635932922]"
f55e1d2a19e4,1,2,0.6583566069602966,"[0.005463993176817894, 0.28504258394241333, 0.6583566069602966, 0.011858087964355946, 0.039278727024793625]",2,0.7160456776618958,"[0.0037278563249856234, 0.2446066439151764, 0.7160456776618958, 0.008017629384994507, 0.027602268382906914]"
f5650eb52640,1,1,0.8542286157608032,"[0.015734177082777023, 0.8542286157608032, 0.1248258650302887, 0.0008029733435250819, 0.004408394452184439]",1,0.915367066860199,"[0.016413332894444466, 0.915367066860199, 0.06705238670110703, 0.00015097926370799541, 0.0010161726968362927]"
f56ff0440ed1,0,0,0.9999980926513672,"[0.9999980926513672, 1.7865525023808004e-06, 6.297570820379406e-08, 4.1575953790840003e-10, 1.4670118453352643e-09]",0,0.9294154047966003,"[0.9294154047966003, 0.005622510332614183, 0.00015146650548558682, 0.0010761405574157834, 0.06373447924852371]"
f5733f77273d,0,0,0.9970498085021973,"[0.9970498085021973, 0.0023029998410493135, 0.0006188703118823469, 3.951595772377914e-06, 2.4413348000962287e-05]",0,0.9649944305419922,"[0.9649944305419922, 0.03178561106324196, 0.003065862227231264, 2.7552214305615053e-05, 0.00012654549209401011]"
f576e45d1da2,3,2,0.683545708656311,"[0.0077746277675032616, 0.27034541964530945, 0.683545708656311, 0.0117605309933424, 0.02657376602292061]",2,0.7149789929389954,"[0.005848123226314783, 0.24634404480457306, 0.7149789929389954, 0.008311305195093155, 0.024517511948943138]"
f57cf3b6f48e,0,0,0.9999865293502808,"[0.9999865293502808, 6.027101335348561e-06, 6.784930064895889e-06, 1.794038269053999e-07, 4.306625669414643e-07]",0,0.9696853160858154,"[0.9696853160858154, 0.003895177273079753, 0.004122547805309296, 0.0009326096624135971, 0.021364310756325722]"
f580566e27f5,0,0,0.9999916553497314,"[0.9999916553497314, 7.8524935815949e-06, 3.1215483886626316e-07, 6.865104040798542e-09, 1.0670125760725568e-07]",0,0.9978207349777222,"[0.9978207349777222, 0.0020645700860768557, 9.836275421548635e-05, 1.16726926080446e-06, 1.5163574062171392e-05]"
f583a722434c,2,2,0.3350156545639038,"[0.3109179139137268, 0.30733925104141235, 0.3350156545639038, 0.005444202106446028, 0.04128291457891464]",4,0.4626861810684204,"[0.02926298975944519, 0.44369620084762573, 0.046747539192438126, 0.01760699786245823, 0.4626861810684204]"
f58cdfa968be,0,0,0.9999998807907104,"[0.9999998807907104, 9.523830613034079e-08, 6.00632654723654e-09, 2.8292928000439588e-09, 1.825648965336768e-09]",0,0.999964714050293,"[0.999964714050293, 3.369787737028673e-05, 1.4142475492917583e-06, 5.970790084575128e-08, 9.144745405365029e-08]"
f58d37d48e42,4,4,0.8793184161186218,"[0.00011150662612635642, 0.0007546307751908898, 0.0013485555537045002, 0.11846689879894257, 0.8793184161186218]",4,0.7603002786636353,"[0.0017879115184769034, 0.03529684245586395, 0.06949376314878464, 0.13312117755413055, 0.7603002786636353]"
f58f0b2fd718,0,0,0.8281252384185791,"[0.8281252384185791, 0.033049460500478745, 0.12098515033721924, 0.0007406361401081085, 0.01709950901567936]",0,0.9808947443962097,"[0.9808947443962097, 0.007109302096068859, 0.01114257238805294, 5.6146978749893606e-05, 0.0007972331368364394]"
f5a8c6426a71,3,2,0.8267053961753845,"[0.0022571829613298178, 0.10219163447618484, 0.8267053961753845, 0.033658746629953384, 0.035186924040317535]",2,0.7587497234344482,"[0.0014853770844638348, 0.2224014848470688, 0.7587497234344482, 0.00782560370862484, 0.009537882171571255]"
f5c953bee7cd,0,0,0.999944806098938,"[0.999944806098938, 2.5531788196531124e-05, 2.9336313673411496e-05, 4.286371080297613e-08, 2.861099233086861e-07]",0,0.998917818069458,"[0.998917818069458, 0.000816247018519789, 0.0002638082078192383, 5.189893386159383e-07, 1.6381238765461603e-06]"
f5e6226bd2e0,4,3,0.46712684631347656,"[0.0011387548875063658, 0.0104401595890522, 0.2928697168827057, 0.46712684631347656, 0.22842447459697723]",4,0.44535312056541443,"[0.0024333964101970196, 0.02692134492099285, 0.16652877628803253, 0.35876336693763733, 0.44535312056541443]"
f5e9a307288c,2,2,0.6400987505912781,"[0.002847013296559453, 0.2867828905582428, 0.6400987505912781, 0.014954064041376114, 0.055317241698503494]",2,0.5402275323867798,"[0.005934582091867924, 0.21574746072292328, 0.5402275323867798, 0.057582154870033264, 0.18050828576087952]"
f61bf44c677c,2,2,0.5615888833999634,"[0.0033352114260196686, 0.11019981652498245, 0.5615888833999634, 0.08946973085403442, 0.23540638387203217]",2,0.5161941051483154,"[0.0027301576919853687, 0.2665451467037201, 0.5161941051483154, 0.07132787257432938, 0.1432027369737625]"
f62b8a076833,0,0,0.9999969005584717,"[0.9999969005584717, 2.213929064964759e-06, 7.05931370248436e-07, 7.554453418379126e-08, 1.1472987182514771e-07]",0,0.9995602965354919,"[0.9995602965354919, 0.0004015646409243345, 3.616419417085126e-05, 4.799680368705594e-07, 1.4516701867250958e-06]"
f633c474e8b8,0,0,0.9999932050704956,"[0.9999932050704956, 4.948486548528308e-06, 1.5991870441212086e-06, 1.5448247125959824e-08, 2.399981156031572e-07]",0,0.9624555706977844,"[0.9624555706977844, 0.02143232896924019, 0.0047434004954993725, 0.0005808624555356801, 0.010787875391542912]"
f64214bed40e,3,3,0.7197781205177307,"[0.0003629635612014681, 0.0037783354055136442, 0.0073257205076515675, 0.7197781205177307, 0.26875486969947815]",3,0.723048746585846,"[4.966346386936493e-05, 0.00019194938067812473, 4.488526610657573e-05, 0.723048746585846, 0.276664674282074]"
f64b6e85f1c9,0,0,0.9999967813491821,"[0.9999967813491821, 2.4405462681897916e-06, 6.762302859897318e-07, 4.923223606567717e-09, 2.432297385723814e-08]",0,0.9999433755874634,"[0.9999433755874634, 4.576624996843748e-05, 1.012980101222638e-05, 6.576114941481137e-08, 6.639501179961371e-07]"
f66c4ee86629,0,0,0.9999819993972778,"[0.9999819993972778, 1.7656990166869946e-05, 4.1705442299644346e-07, 8.307864396428499e-10, 2.9706639370630228e-09]",0,0.9598088264465332,"[0.9598088264465332, 0.03443026915192604, 0.0011332177091389894, 0.00022689581965096295, 0.004400833044201136]"
f68690db78d3,0,0,0.9999998807907104,"[0.9999998807907104, 8.649792704318315e-08, 3.810864512843182e-08, 2.747438498929e-09, 4.1802352690467615e-09]",0,0.999957799911499,"[0.999957799911499, 3.321756958030164e-05, 6.156716153782327e-06, 2.427129572879494e-07, 2.477129328326555e-06]"
f69400b316a7,2,2,0.7794457077980042,"[0.0013132551684975624, 0.18485720455646515, 0.7794457077980042, 0.010698419995605946, 0.02368546463549137]",2,0.5558217763900757,"[0.0008596031693741679, 0.4316256046295166, 0.5558217763900757, 0.0031786991748958826, 0.008514337241649628]"
f69835dc7c50,4,4,0.4820408523082733,"[0.0004894268931820989, 0.004072049632668495, 0.05566035211086273, 0.45773735642433167, 0.4820408523082733]",4,0.4251515865325928,"[0.0028039042372256517, 0.056350067257881165, 0.23774147033691406, 0.27795299887657166, 0.4251515865325928]"
f6d760566a51,0,0,0.8959944248199463,"[0.8959944248199463, 0.028420530259609222, 0.06994356215000153, 0.00030939141288399696, 0.005332093685865402]",0,0.9873064756393433,"[0.9873064756393433, 0.006039808504283428, 0.005912057124078274, 4.457792965695262e-05, 0.0006970441900193691]"
f6f3ea0d2693,4,4,0.4623900353908539,"[0.0011838657082989812, 0.015254268422722816, 0.31046703457832336, 0.21070478856563568, 0.4623900353908539]",2,0.6290177702903748,"[0.005889664404094219, 0.15878525376319885, 0.6290177702903748, 0.06698027998209, 0.1393270492553711]"
f6f433f3306f,3,3,0.41296446323394775,"[0.0053073870949447155, 0.016059281304478645, 0.17799773812294006, 0.41296446323394775, 0.38767117261886597]",4,0.6343436241149902,"[0.00042410314199514687, 0.001937558758072555, 0.00368782551959157, 0.35960686206817627, 0.6343436241149902]"
f6f7dba7104d,1,2,0.5691009759902954,"[0.00963896419852972, 0.39449986815452576, 0.5691009759902954, 0.004484172444790602, 0.02227601781487465]",4,0.4768587350845337,"[0.018710849806666374, 0.17226046323776245, 0.2405974119901657, 0.09157254546880722, 0.4768587350845337]"
f7116e7b2f4e,0,0,0.8424702882766724,"[0.8424702882766724, 0.025281449779868126, 0.1210712343454361, 0.0006534615531563759, 0.010523579083383083]",0,0.948225200176239,"[0.948225200176239, 0.023031525313854218, 0.02344106137752533, 0.0003971043333876878, 0.004905072506517172]"
f71333204618,0,0,0.992249608039856,"[0.992249608039856, 0.005913381464779377, 0.0008733394788578153, 0.0001168448943644762, 0.0008469003951177001]",4,0.4931555688381195,"[0.20393791794776917, 0.28213146328926086, 0.01050286740064621, 0.010272210463881493, 0.4931555688381195]"
f71aca5a7dc3,0,0,0.9999507665634155,"[0.9999507665634155, 3.120385008514859e-05, 1.3243131434137467e-05, 1.6664356508044875e-06, 3.0488031370623503e-06]",0,0.9813211560249329,"[0.9813211560249329, 0.01609732396900654, 0.0023463252000510693, 5.650584716931917e-05, 0.00017878763901535422]"
f71bea807c96,0,0,0.999868631362915,"[0.999868631362915, 8.445109415333718e-05, 4.495690154726617e-05, 2.66275918647807e-07, 1.7097993350034812e-06]",0,0.9959113597869873,"[0.9959113597869873, 0.003342550015076995, 0.0007071068976074457, 3.724571115526487e-06, 3.529847163008526e-05]"
f72adcac5638,4,4,0.8520286679267883,"[0.0005946544115431607, 0.007886192761361599, 0.02242804504930973, 0.11706244200468063, 0.8520286679267883]",4,0.9744879007339478,"[2.530492110963678e-06, 5.6621222029207274e-05, 2.86323393083876e-06, 0.025450043380260468, 0.9744879007339478]"
f72ef9ceeaa8,1,0,0.8294657468795776,"[0.8294657468795776, 0.16700135171413422, 0.003017673036083579, 0.00013190398749429733, 0.0003832814109046012]",1,0.9540244340896606,"[0.044104862958192825, 0.9540244340896606, 0.0017756421584635973, 8.767515282670502e-06, 8.63323948578909e-05]"
f7508f14dd7b,0,0,0.9999966621398926,"[0.9999966621398926, 2.4566541014792165e-06, 6.483247716460028e-07, 4.654730645370364e-08, 2.2851050118788407e-07]",0,0.9997554421424866,"[0.9997554421424866, 0.0002233343111583963, 1.4057692169444636e-05, 3.659264393718331e-07, 6.817130724812159e-06]"
f762c272c522,1,2,0.5580392479896545,"[0.0038725014310330153, 0.4113785922527313, 0.5580392479896545, 0.006566592957824469, 0.020143084228038788]",2,0.4957754611968994,"[0.001450283802114427, 0.4941146671772003, 0.4957754611968994, 0.0029317610897123814, 0.005727765150368214]"
f7735b6d47f7,0,0,0.999908447265625,"[0.999908447265625, 1.6640600733808242e-05, 6.815680535510182e-05, 3.55066191559672e-07, 6.330894393613562e-06]",0,0.8703225255012512,"[0.8703225255012512, 0.040330663323402405, 0.07827729731798172, 0.0013372672256082296, 0.009732265025377274]"
f7defe70afc3,0,0,0.9999995231628418,"[0.9999995231628418, 4.934410071655293e-07, 7.182872963085174e-09, 3.862241082508433e-11, 1.409228705950838e-10]",0,0.9992074370384216,"[0.9992074370384216, 0.0005332343862392008, 1.0589659723336808e-05, 3.242405909986701e-06, 0.00024549115914851427]"
f7e9fa75c7c1,0,0,0.9997770190238953,"[0.9997770190238953, 0.00011134739906992763, 0.00010535123874433339, 5.541289738175692e-07, 5.729801614506869e-06]",0,0.9973520040512085,"[0.9973520040512085, 0.0022925827652215958, 0.00032903061946853995, 2.9328202799661085e-06, 2.3502347175963223e-05]"
f7edc074f06b,2,2,0.7136286497116089,"[0.002674926072359085, 0.022644514217972755, 0.7136286497116089, 0.19451183080673218, 0.06654001772403717]",2,0.7126371264457703,"[0.0041361297480762005, 0.08513294905424118, 0.7126371264457703, 0.12749122083187103, 0.07060252875089645]"
f7fec8935126,1,2,0.5358970761299133,"[0.006253655534237623, 0.26464203000068665, 0.5358970761299133, 0.0491185300052166, 0.14408870041370392]",4,0.4204746186733246,"[0.002598326886072755, 0.0909719243645668, 0.3368452191352844, 0.14910992980003357, 0.4204746186733246]"
f80118bbda18,2,2,0.4963531196117401,"[0.016163593158125877, 0.36575591564178467, 0.4963531196117401, 0.021126773208379745, 0.10060062259435654]",2,0.4288245439529419,"[0.007355446927249432, 0.36786335706710815, 0.4288245439529419, 0.029262971132993698, 0.16669368743896484]"
f819c65b803c,0,0,0.9905219078063965,"[0.9905219078063965, 0.00035431620199233294, 0.0014258823357522488, 0.0008261696202680469, 0.006871693301945925]",0,0.8939304947853088,"[0.8939304947853088, 0.03280579671263695, 0.01184210553765297, 0.007146548014134169, 0.05427508428692818]"
f8372e80f731,2,4,0.6264524459838867,"[0.0004282609443180263, 0.007853682152926922, 0.14719165861606598, 0.21807391941547394, 0.6264524459838867]",4,0.5127187371253967,"[0.0017554301302880049, 0.017900526523590088, 0.16045871376991272, 0.30716654658317566, 0.5127187371253967]"
f850cb51fdba,4,4,0.7891599535942078,"[0.0036759325303137302, 0.0486212857067585, 0.10549255460500717, 0.05305027216672897, 0.7891599535942078]",4,0.3630269765853882,"[0.026219790801405907, 0.35595405101776123, 0.22341388463974, 0.031385377049446106, 0.3630269765853882]"
f85c78201a50,0,0,0.9988256096839905,"[0.9988256096839905, 0.0007954215398058295, 0.0003659510111901909, 1.3513707699530642e-06, 1.1687452570185997e-05]",0,0.9991428852081299,"[0.9991428852081299, 0.0006583058275282383, 0.0001892163563752547, 9.551969242238556e-07, 8.619965228717774e-06]"
f85fd4fac887,0,0,0.9999194145202637,"[0.9999194145202637, 7.86501623224467e-05, 1.922328465298051e-06, 2.4234038775716726e-08, 4.469965020348354e-08]",0,0.6316542029380798,"[0.6316542029380798, 0.12205221503973007, 0.005577725823968649, 0.011381338350474834, 0.22933456301689148]"
f86d1c404acb,0,0,0.9999998807907104,"[0.9999998807907104, 7.659637901724636e-08, 1.4062174757967227e-09, 8.829587755387891e-11, 2.135282228810098e-10]",0,0.9999994039535522,"[0.9999994039535522, 5.689738031833258e-07, 1.4062576880746747e-08, 2.7564894811149543e-10, 1.6609276176637877e-09]"
f8cf7ed8ef00,4,4,0.9766144156455994,"[0.00010798522271215916, 0.001315255300141871, 0.0016182875260710716, 0.020344052463769913, 0.9766144156455994]",4,0.9737573266029358,"[7.085375546012074e-05, 0.0013802092289552093, 0.002164109144359827, 0.022627538070082664, 0.9737573266029358]"
f8d62557ad0c,0,0,0.9999064207077026,"[0.9999064207077026, 9.053013491211459e-05, 2.2624230950896163e-06, 1.9471535495085845e-07, 5.706510251002328e-07]",0,0.9980066418647766,"[0.9980066418647766, 0.001918093184940517, 7.075596658978611e-05, 5.429291718428431e-07, 3.972217200498562e-06]"
f8f5942b690e,0,0,0.9998873472213745,"[0.9998873472213745, 0.00011088988685514778, 1.6069258208517567e-06, 4.598121350340989e-08, 1.3649102470481012e-07]",0,0.9821917414665222,"[0.9821917414665222, 0.017151834443211555, 0.0006399971898645163, 1.4872971405566204e-06, 1.4952551282476634e-05]"
f8fc411092c7,2,2,0.7645742297172546,"[0.0028219539672136307, 0.06036454066634178, 0.7645742297172546, 0.07609903067350388, 0.09614019840955734]",2,0.8213549852371216,"[0.0024339158553630114, 0.12536606192588806, 0.8213549852371216, 0.019094785675406456, 0.03175022453069687]"
f901d460517c,3,2,0.3859330117702484,"[0.008959666825830936, 0.031647033989429474, 0.3859330117702484, 0.3171212077140808, 0.2563391327857971]",4,0.6098277568817139,"[0.002938423538580537, 0.015070137567818165, 0.028001414611935616, 0.3441621959209442, 0.6098277568817139]"
f90f8931a9bc,0,0,0.9990990161895752,"[0.9990990161895752, 0.0008284167270176113, 6.490753003163263e-05, 9.475927527091699e-07, 6.762900738976896e-06]",0,0.9988000392913818,"[0.9988000392913818, 0.0011475346982479095, 4.5744665840175e-05, 5.705722401216917e-07, 6.090882379794493e-06]"
f9156aeffc5e,3,4,0.6135184168815613,"[0.00027050034259445965, 0.0011551748029887676, 0.002143306890502572, 0.3829125463962555, 0.6135184168815613]",4,0.6556379199028015,"[0.0009628952830098569, 0.006988410837948322, 0.010510929860174656, 0.32589980959892273, 0.6556379199028015]"
f91cfa82b9d4,0,0,0.9999998807907104,"[0.9999998807907104, 7.377069977110295e-08, 2.9091660191937763e-09, 8.478113211474181e-10, 5.911208744713292e-10]",0,0.9999897480010986,"[0.9999897480010986, 1.0013538485509343e-05, 2.2048415360131912e-07, 1.2825922546255697e-08, 3.267015813435137e-08]"
f920ccd926db,2,2,0.7936683893203735,"[0.0018145845970138907, 0.06681603193283081, 0.7936683893203735, 0.02277264930307865, 0.11492835730314255]",4,0.5463122129440308,"[0.002431620145216584, 0.06641049683094025, 0.29093778133392334, 0.0939079225063324, 0.5463122129440308]"
f952ad2e4356,0,0,1.0,"[1.0, 4.058176727994578e-08, 1.8802273071827358e-09, 2.839195267778649e-10, 1.2675742400158896e-10]",0,0.9999920129776001,"[0.9999920129776001, 7.72723160480382e-06, 2.0675828693583753e-07, 5.286670212711897e-09, 7.327268125578712e-09]"
f994a3b07935,0,2,0.5736711025238037,"[0.20722712576389313, 0.134129598736763, 0.5736711025238037, 0.004426162224262953, 0.08054601401090622]",0,0.5543588399887085,"[0.5543588399887085, 0.12730704247951508, 0.2634689509868622, 0.001939235138706863, 0.052925966680049896]"
f999c6921e6d,2,4,0.4955025911331177,"[0.0013065323000773787, 0.02921951189637184, 0.20176000893115997, 0.2722114026546478, 0.4955025911331177]",4,0.4049060046672821,"[0.0023962585255503654, 0.08312124013900757, 0.3402957022190094, 0.16928082704544067, 0.4049060046672821]"
f9aa35187bf3,2,2,0.8866870403289795,"[0.003470485331490636, 0.0769621878862381, 0.8866870403289795, 0.0033441968262195587, 0.029536133632063866]",2,0.7664605379104614,"[0.018354617059230804, 0.20052139461040497, 0.7664605379104614, 0.0015757936052978039, 0.01308766845613718]"
f9d52509c571,0,0,0.9992488026618958,"[0.9992488026618958, 0.0006403769366443157, 0.00010597780783427879, 5.062250352239062e-07, 4.342106876720209e-06]",0,0.9970294237136841,"[0.9970294237136841, 0.0027945770416408777, 0.0001642381976125762, 9.722664344735676e-07, 1.0730785106716212e-05]"
f9d8ff3e6592,0,0,0.9999998807907104,"[0.9999998807907104, 1.7034049903941195e-07, 3.3000350896372765e-08, 4.584011836783475e-09, 3.5899156980434554e-09]",0,0.9999207258224487,"[0.9999207258224487, 7.294466195162386e-05, 5.3423755161929876e-06, 2.0286756807763595e-07, 7.319092674151761e-07]"
f9e1c439d4c8,0,1,0.5359120965003967,"[0.42132827639579773, 0.5359120965003967, 0.03705280274152756, 0.00043060322059318423, 0.005276297219097614]",1,0.6801659464836121,"[0.29794466495513916, 0.6801659464836121, 0.019856784492731094, 0.00011652584362309426, 0.0019160057418048382]"
f9e779a13204,2,2,0.6005366444587708,"[0.004986891523003578, 0.30605021119117737, 0.6005366444587708, 0.01806589961051941, 0.07036039233207703]",2,0.6046316027641296,"[0.006835293024778366, 0.2539709210395813, 0.6046316027641296, 0.02379494160413742, 0.11076729744672775]"
f9ecf1795804,2,1,0.8214561343193054,"[0.08864012360572815, 0.8214561343193054, 0.08041340857744217, 0.0017321757040917873, 0.007758110295981169]",1,0.89699387550354,"[0.08525387942790985, 0.89699387550354, 0.016873611137270927, 0.00014946497685741633, 0.0007291536894626915]"
fa0c87bd75ce,0,0,0.999994158744812,"[0.999994158744812, 5.182770564715611e-06, 5.753396408181288e-07, 4.2866865612722904e-09, 3.15658859051382e-08]",0,0.6367014646530151,"[0.6367014646530151, 0.07277616113424301, 0.0030162520706653595, 0.008012786507606506, 0.2794933617115021]"
fa3e544a7401,2,4,0.6445533633232117,"[0.007046752609312534, 0.05225655809044838, 0.20090095698833466, 0.09524235129356384, 0.6445533633232117]",4,0.9403589367866516,"[0.004041697364300489, 0.017806753516197205, 0.001856582355685532, 0.035936035215854645, 0.9403589367866516]"
fa573163dd8b,0,0,0.9999997615814209,"[0.9999997615814209, 1.5150135368457995e-07, 9.968045588948371e-08, 5.432111427339237e-10, 4.079717452754039e-09]",0,0.9983250498771667,"[0.9983250498771667, 0.0008026502910070121, 0.0008307679672725499, 3.42149542120751e-06, 3.805220330832526e-05]"
fa59221cf464,4,4,0.9741032719612122,"[3.0906652682460845e-05, 0.00030726895784027874, 0.00011910571629414335, 0.025439459830522537, 0.9741032719612122]",4,0.940200924873352,"[0.00011129101767437533, 0.0013409840175881982, 0.0007415944710373878, 0.05760521441698074, 0.940200924873352]"
fa6f3d8bb1d5,0,0,0.9998053908348083,"[0.9998053908348083, 0.00013220292748883367, 5.520501144928858e-05, 7.932254675324657e-07, 6.42115401205956e-06]",0,0.9971277117729187,"[0.9971277117729187, 0.0027200146578252316, 0.00014376037870533764, 1.3750154721492436e-06, 7.194733370852191e-06]"
fa748b57262b,2,2,0.8797076344490051,"[0.0014169339556246996, 0.016716469079256058, 0.8797076344490051, 0.07326860725879669, 0.028890319168567657]",2,0.8593710660934448,"[0.002747094491496682, 0.03661166504025459, 0.8593710660934448, 0.06301449984312057, 0.03825574740767479]"
fa7fa797c650,0,0,0.9999978542327881,"[0.9999978542327881, 1.3994459777677548e-06, 7.684853358114196e-07, 4.7621195875535705e-09, 1.6501580546446348e-08]",0,0.9968193769454956,"[0.9968193769454956, 0.0023474509362131357, 0.0007950106519274414, 4.437942152435426e-06, 3.373886283952743e-05]"
fa9bece586fc,0,0,0.986842691898346,"[0.986842691898346, 0.008890158496797085, 0.0034245490096509457, 0.0002090024354401976, 0.0006336434744298458]",4,0.6772741675376892,"[0.07987069338560104, 0.13594523072242737, 0.029441816732287407, 0.07746805250644684, 0.6772741675376892]"
fa9f1bc03f21,0,0,0.9998674392700195,"[0.9998674392700195, 7.849628309486434e-05, 4.8157926357816905e-05, 3.929485501430463e-07, 5.477245849760948e-06]",0,0.9952054023742676,"[0.9952054023742676, 0.003528990549966693, 0.0012262793025001884, 4.748732862935867e-06, 3.466292400844395e-05]"
fac399455195,2,2,0.7776734232902527,"[0.0017671476816758513, 0.06049979850649834, 0.7776734232902527, 0.06045236065983772, 0.09960723668336868]",2,0.627864420413971,"[0.0022036621812731028, 0.05793239548802376, 0.627864420413971, 0.1125716045498848, 0.19942794740200043]"
fb1b8771c70a,0,0,0.9999959468841553,"[0.9999959468841553, 2.798522245939239e-06, 1.2442859542716178e-06, 3.804136561313953e-09, 2.049616831811818e-08]",0,0.9961063265800476,"[0.9961063265800476, 0.003062349045649171, 0.0007700693677179515, 7.60088778406498e-06, 5.365698234527372e-05]"
fb61230b99dd,3,2,0.4932241141796112,"[0.004303392022848129, 0.046674616634845734, 0.4932241141796112, 0.2095203399658203, 0.24627754092216492]",2,0.5148254632949829,"[0.007338641211390495, 0.12705036997795105, 0.5148254632949829, 0.1304560750722885, 0.2203294038772583]"
fb696a8e055a,4,4,0.8220715522766113,"[0.0001913076703203842, 0.0018299771472811699, 0.014825410209596157, 0.16108179092407227, 0.8220715522766113]",4,0.6123162508010864,"[0.0021234748419374228, 0.04767325520515442, 0.20633162558078766, 0.131555438041687, 0.6123162508010864]"
fb6b8200b7f8,1,1,0.7729318141937256,"[0.04445119574666023, 0.7729318141937256, 0.1612846404314041, 0.0031715610530227423, 0.01816076785326004]",1,0.5060796737670898,"[0.02561989799141884, 0.5060796737670898, 0.2843411862850189, 0.017609024420380592, 0.16635017096996307]"
fb767cea406c,0,0,0.9998171925544739,"[0.9998171925544739, 0.00016351146041415632, 1.742057065712288e-05, 5.735396371164825e-07, 1.36347523493896e-06]",0,0.9890530705451965,"[0.9890530705451965, 0.01066681370139122, 0.0002704839571379125, 2.041461129920208e-06, 7.616806669830112e-06]"
fb88783de055,0,0,0.8725619316101074,"[0.8725619316101074, 0.009647957980632782, 0.04387686029076576, 0.0031784249003976583, 0.07073483616113663]",0,0.33095335960388184,"[0.33095335960388184, 0.09274586290121078, 0.25372543931007385, 0.024775123223662376, 0.297800213098526]"
fb88d23fc5fe,0,0,0.6073265671730042,"[0.6073265671730042, 0.09813575446605682, 0.26020002365112305, 0.0018672903534024954, 0.0324704572558403]",0,0.9318443536758423,"[0.9318443536758423, 0.042786139994859695, 0.0243357066065073, 0.00010608444426907226, 0.000927742279600352]"
fba493e17448,2,2,0.546139121055603,"[0.001996546285226941, 0.026035815477371216, 0.546139121055603, 0.2690568268299103, 0.1567717343568802]",2,0.7421230673789978,"[0.0021200983319431543, 0.0643831267952919, 0.7421230673789978, 0.10370928794145584, 0.08766446262598038]"
fbcbc81cf9be,0,0,0.9989691972732544,"[0.9989691972732544, 0.0008895846549421549, 0.00013683212455362082, 8.219261644626386e-07, 3.5771897728409385e-06]",0,0.8857890367507935,"[0.8857890367507935, 0.10157458484172821, 0.011712832376360893, 8.320994675159454e-05, 0.0008402993553318083]"
fbdc796290d4,0,0,0.9999995231628418,"[0.9999995231628418, 2.6335658276366303e-07, 1.9268075845957355e-07, 1.1278749045828818e-09, 5.756100041054424e-09]",0,0.9993645548820496,"[0.9993645548820496, 0.00037153673474676907, 0.00025026738876476884, 1.9658461951621575e-06, 1.1713749699993059e-05]"
fbfa925506f6,0,0,1.0,"[1.0, 1.6349233078472025e-08, 8.858556665991557e-10, 6.967654231360143e-11, 1.2319682773931362e-10]",0,0.9999970197677612,"[0.9999970197677612, 3.007824261658243e-06, 3.375494728174999e-08, 4.2481401729688173e-10, 2.247182440129336e-09]"
fc1b1841eadf,2,2,0.8599486351013184,"[0.0008121561841107905, 0.06157639995217323, 0.8599486351013184, 0.014515743590891361, 0.06314705312252045]",2,0.841722309589386,"[0.0014116931706666946, 0.047739412635564804, 0.841722309589386, 0.03548653423786163, 0.07364009320735931]"
fc4c2d35c6f8,2,2,0.6786045432090759,"[0.0022617417853325605, 0.0668395385146141, 0.6786045432090759, 0.07115867733955383, 0.18113544583320618]",2,0.3902422785758972,"[0.007601304445415735, 0.17291776835918427, 0.3902422785758972, 0.07957373559474945, 0.3496648967266083]"
fc4d69128e7c,2,2,0.8100202679634094,"[0.007581959944218397, 0.10016485303640366, 0.8100202679634094, 0.020123496651649475, 0.06210944429039955]",4,0.7769759297370911,"[0.002431940520182252, 0.026932796463370323, 0.032307542860507965, 0.16135179996490479, 0.7769759297370911]"
fc603cbedb41,2,2,0.8605547547340393,"[0.001480795326642692, 0.10697310417890549, 0.8605547547340393, 0.008779910393059254, 0.02221132256090641]",2,0.8387549519538879,"[0.001509691821411252, 0.13901963829994202, 0.8387549519538879, 0.007024519611150026, 0.013691233471035957]"
fc782722a50c,0,0,0.9976736903190613,"[0.9976736903190613, 0.0016222009435296059, 0.0006699875229969621, 2.1697399006370688e-06, 3.19336359098088e-05]",0,0.9967670440673828,"[0.9967670440673828, 0.0027930864598602057, 0.00041843962389975786, 2.6018431071861414e-06, 1.8748030925053172e-05]"
fc898dfeb24f,0,0,1.0,"[1.0, 8.712276233779903e-09, 2.5013566773424145e-09, 6.277621200645456e-10, 2.0655968047122997e-09]",0,0.9999969005584717,"[0.9999969005584717, 2.825179763021879e-06, 9.203607476138131e-08, 4.132136410817111e-09, 8.208731827608062e-08]"
fc8fce67fbf8,0,0,0.9999874830245972,"[0.9999874830245972, 3.1554327506455593e-06, 2.0598911305569345e-06, 1.284480845242797e-06, 6.116056738392217e-06]",0,0.9936973452568054,"[0.9936973452568054, 0.0007925577228888869, 0.00013123059761710465, 0.00020098518871236593, 0.005177943967282772]"
fca1a8738b8a,0,0,0.9998493194580078,"[0.9998493194580078, 0.00011590580834308639, 3.4077835152857006e-05, 9.496224606664327e-08, 5.584786322287982e-07]",0,0.9993830919265747,"[0.9993830919265747, 0.0005653539556078613, 4.9563099310034886e-05, 2.1214425771631795e-07, 1.8277230537933065e-06]"
fca931da5c5e,1,1,0.7747737169265747,"[0.04952329769730568, 0.7747737169265747, 0.1361306607723236, 0.003873305395245552, 0.03569905459880829]",1,0.47183600068092346,"[0.023097101598978043, 0.47183600068092346, 0.2747035324573517, 0.02690761722624302, 0.20345577597618103]"
fcc32dffd24d,0,0,0.9999998807907104,"[0.9999998807907104, 1.5204416570213652e-07, 8.672431106582223e-10, 7.43918381757025e-12, 3.067547257873393e-11]",0,0.9999860525131226,"[0.9999860525131226, 1.3607441360363737e-05, 1.8698494841373758e-07, 1.4937269199322145e-09, 1.0946646256115855e-07]"
fcc55ae641ae,2,2,0.6360679864883423,"[0.0056063407100737095, 0.33823350071907043, 0.6360679864883423, 0.0050638397224247456, 0.015028455294668674]",4,0.4340149462223053,"[0.004386312328279018, 0.12455832958221436, 0.3636934161186218, 0.07334700971841812, 0.4340149462223053]"
fcc6aa6755e6,3,4,0.7498050928115845,"[0.0003129071556031704, 0.0006553129060193896, 0.000949990819208324, 0.2482767254114151, 0.7498050928115845]",4,0.44003134965896606,"[0.009660949930548668, 0.028599273413419724, 0.09268070012331009, 0.4290277659893036, 0.44003134965896606]"
fce73678f650,0,2,0.7425063848495483,"[0.03401442989706993, 0.14176180958747864, 0.7425063848495483, 0.005449394695460796, 0.07626797258853912]",2,0.6466162204742432,"[0.011395920068025589, 0.138724222779274, 0.6466162204742432, 0.019883593544363976, 0.18338000774383545]"
fce93caa4758,4,2,0.4923654794692993,"[0.003108325880020857, 0.1698726862668991, 0.4923654794692993, 0.056618139147758484, 0.27803534269332886]",2,0.4837040305137634,"[0.006857722532004118, 0.4527215361595154, 0.4837040305137634, 0.0070168012753129005, 0.04969988763332367]"
fd079d2e93a2,0,0,0.9999992847442627,"[0.9999992847442627, 5.420421302915202e-07, 7.743125962633712e-08, 5.11831743654767e-10, 1.134282112680296e-09]",0,0.9998868703842163,"[0.9998868703842163, 0.00010621308319969103, 6.63257242194959e-06, 4.57979076884385e-08, 1.9656121708067076e-07]"
fd0a70082e7c,0,2,0.6904528141021729,"[0.04711417481303215, 0.024579104036092758, 0.6904528141021729, 0.00924124289304018, 0.22861266136169434]",4,0.5325201153755188,"[0.09968987107276917, 0.04506221041083336, 0.29332074522972107, 0.02940705046057701, 0.5325201153755188]"
fd48cf452e9d,2,2,0.7990012764930725,"[0.006918300874531269, 0.09527087211608887, 0.7990012764930725, 0.03584260120987892, 0.06296694278717041]",4,0.8480382561683655,"[0.0016722815344110131, 0.026467490941286087, 0.03656696900725365, 0.0872550681233406, 0.8480382561683655]"
fd4c946c52bf,0,2,0.509411096572876,"[0.042734839022159576, 0.08220382779836655, 0.509411096572876, 0.024668751284480095, 0.3409813940525055]",0,0.6371381282806396,"[0.6371381282806396, 0.19561411440372467, 0.11702486872673035, 0.0037789633497595787, 0.04644399881362915]"
fd62bd0db4f1,1,1,0.7574891448020935,"[0.2011066973209381, 0.7574891448020935, 0.03509113937616348, 0.0010915211169049144, 0.0052214981988072395]",1,0.8215925097465515,"[0.16647320985794067, 0.8215925097465515, 0.010832889005541801, 0.0001751921372488141, 0.0009261590312235057]"
fd87b6b2e664,0,0,0.9999921321868896,"[0.9999921321868896, 2.0690063138317782e-06, 4.819488367502345e-06, 3.861878994371182e-08, 9.954513870980009e-07]",0,0.658256471157074,"[0.658256471157074, 0.090187668800354, 0.14916466176509857, 0.010571710765361786, 0.09181949496269226]"
fda39982a810,3,4,0.44028377532958984,"[0.0011353703448548913, 0.01923886500298977, 0.2875368595123291, 0.2518050968647003, 0.44028377532958984]",2,0.46011653542518616,"[0.0018474587704986334, 0.1332157552242279, 0.46011653542518616, 0.14561417698860168, 0.259206086397171]"
fdbc252813b1,0,0,0.9999998807907104,"[0.9999998807907104, 7.450132244457564e-08, 6.836204491378339e-09, 1.2495736667617052e-09, 1.5297512145906467e-09]",0,0.9999778270721436,"[0.9999778270721436, 2.185617995564826e-05, 3.357359901201562e-07, 4.9363699794469085e-09, 1.1727057547261666e-08]"
fdc685055659,0,0,0.9999831914901733,"[0.9999831914901733, 1.5527373761869967e-05, 1.272988924938545e-06, 1.8068849527708153e-08, 4.988398316640996e-08]",0,0.9996986389160156,"[0.9996986389160156, 0.00025652808835729957, 4.319492290960625e-05, 2.5441877937737445e-07, 1.405565512868634e-06]"
fdd18ccbbdc5,1,1,0.7621133923530579,"[0.02618010900914669, 0.7621133923530579, 0.19386741518974304, 0.0016206192085519433, 0.016218429431319237]",1,0.6871886253356934,"[0.02839929796755314, 0.6871886253356934, 0.2641517221927643, 0.0019174570916220546, 0.018342865630984306]"
fdd534271f3d,4,4,0.5225591659545898,"[0.00014564534649252892, 0.0016683771973475814, 0.052956473082304, 0.42267027497291565, 0.5225591659545898]",4,0.5759149193763733,"[5.803144085803069e-05, 0.0010988771682605147, 0.009487392380833626, 0.4134407639503479, 0.5759149193763733]"
fe06dad6851c,0,0,0.9999992847442627,"[0.9999992847442627, 5.193747938392335e-07, 2.3301808482756314e-07, 5.181578277557719e-09, 2.3235203983063002e-08]",0,0.9999109506607056,"[0.9999109506607056, 7.913461740827188e-05, 7.455518243659753e-06, 1.69459497101343e-07, 2.2166182134242263e-06]"
fe0e2dee1834,0,0,0.9999997615814209,"[0.9999997615814209, 1.8123608924724977e-07, 9.897528130409228e-09, 1.2857249709341545e-09, 9.576974768776836e-10]",0,0.9999420642852783,"[0.9999420642852783, 5.633655018755235e-05, 1.4526997347275028e-06, 3.9485158254137787e-08, 1.270293239485909e-07]"
fe0fc67c7980,3,4,0.42211756110191345,"[0.000592579017393291, 0.007993277162313461, 0.22989453375339508, 0.33940204977989197, 0.42211756110191345]",2,0.692837119102478,"[0.001542435260489583, 0.07512123137712479, 0.692837119102478, 0.09293527901172638, 0.13756392896175385]"
fe2df69676cf,1,2,0.5154495239257812,"[0.021692980080842972, 0.33054760098457336, 0.5154495239257812, 0.033018872141838074, 0.09929098933935165]",1,0.6422170400619507,"[0.06033677980303764, 0.6422170400619507, 0.2328130453824997, 0.011693994514644146, 0.05293923616409302]"
fe37f4492920,2,2,0.4675939977169037,"[0.0023258719593286514, 0.06086621806025505, 0.4675939977169037, 0.09994632005691528, 0.36926764249801636]",4,0.5403875708580017,"[0.0035042064264416695, 0.0432467982172966, 0.23047839105129242, 0.18238303065299988, 0.5403875708580017]"
fe3b0e50be78,0,0,0.9999926090240479,"[0.9999926090240479, 7.3011328822758514e-06, 9.279609258783239e-08, 1.7083950920593338e-09, 3.4188076369900955e-08]",0,0.9997664093971252,"[0.9997664093971252, 0.00023172177316155285, 1.56683609020547e-06, 5.641643152642928e-09, 3.362385143645952e-07]"
fe3f62695b2d,0,0,0.9999992847442627,"[0.9999992847442627, 3.1170296210802917e-07, 3.209641761259263e-07, 1.8633075082874484e-09, 9.609324891357574e-09]",0,0.9989405274391174,"[0.9989405274391174, 0.0005095825181342661, 0.0005332414293661714, 1.948259068740299e-06, 1.4699479834234808e-05]"
fe674c2f73f5,1,1,0.6079261898994446,"[0.3773026168346405, 0.6079261898994446, 0.012546316720545292, 0.0001696349063422531, 0.0020552631467580795]",1,0.8567207455635071,"[0.12479410320520401, 0.8567207455635071, 0.015834780409932137, 0.00016052181308623403, 0.0024897614493966103]"
fea14b3d44b0,1,1,0.8523763418197632,"[0.09362604469060898, 0.8523763418197632, 0.0503358356654644, 0.0004869031545240432, 0.003174831857904792]",1,0.8276018500328064,"[0.07764434814453125, 0.8276018500328064, 0.08949857205152512, 0.0004911228897981346, 0.0047641028650105]"
febfb20dc311,0,0,0.9999910593032837,"[0.9999910593032837, 8.492273082083557e-06, 5.189393164073408e-07, 4.484706828122853e-09, 8.7799936210331e-09]",0,0.9999004602432251,"[0.9999004602432251, 9.31929680518806e-05, 6.225713150342926e-06, 2.9624398933947305e-08, 1.4713505436247942e-07]"
fecf4c5ae84b,1,1,0.5047466158866882,"[0.006833380088210106, 0.5047466158866882, 0.43016955256462097, 0.006264735944569111, 0.051985714584589005]",1,0.6765232086181641,"[0.009512881748378277, 0.6765232086181641, 0.30722084641456604, 0.0008981758146546781, 0.005844842176884413]"
fed5bb685832,0,0,0.9999707937240601,"[0.9999707937240601, 2.4269016648759134e-05, 4.761193849844858e-06, 2.0611182094398828e-08, 1.127624287278195e-07]",0,0.9902961850166321,"[0.9902961850166321, 0.00843262579292059, 0.001223257277160883, 5.318935563991545e-06, 4.2613959521986544e-05]"
fefded6bf135,0,0,0.9993901252746582,"[0.9993901252746582, 0.0005664235795848072, 4.1392668208573014e-05, 6.561621148648555e-07, 1.4460816828432144e-06]",1,0.48271501064300537,"[0.4583907723426819, 0.48271501064300537, 0.009637614712119102, 0.0007356745190918446, 0.04852088913321495]"
ff03f74667df,0,0,0.9999998807907104,"[0.9999998807907104, 6.496707527503531e-08, 5.4646861258333956e-08, 3.012760263487735e-09, 5.915734124783967e-09]",0,0.9999560117721558,"[0.9999560117721558, 3.497340367175639e-05, 4.383647137728985e-06, 2.944634900359233e-07, 4.299163265386596e-06]"
ff0740cb484a,2,2,0.8373106718063354,"[0.0017109510954469442, 0.04816920682787895, 0.8373106718063354, 0.0438142754137516, 0.06899484992027283]",2,0.7855731248855591,"[0.0027401847764849663, 0.05429503694176674, 0.7855731248855591, 0.07068850100040436, 0.08670319616794586]"
ff1e940105f9,0,2,0.7973921895027161,"[0.02235768735408783, 0.072542704641819, 0.7973921895027161, 0.009716476313769817, 0.09799092262983322]",4,0.6082448363304138,"[0.04017544537782669, 0.029021328315138817, 0.26709040999412537, 0.05546794831752777, 0.6082448363304138]"
ff344e5c9341,2,2,0.7033413052558899,"[0.023552045226097107, 0.24824769794940948, 0.7033413052558899, 0.008458015508949757, 0.016401030123233795]",1,0.4794864058494568,"[0.02642861381173134, 0.4794864058494568, 0.4641948938369751, 0.008595285937190056, 0.021294845268130302]"
ff4832d55461,0,0,0.9999926090240479,"[0.9999926090240479, 5.359809165383922e-06, 1.2312827948335325e-06, 2.5356959554301284e-07, 6.49608239200461e-07]",0,0.9963094592094421,"[0.9963094592094421, 0.003200394567102194, 0.00031280517578125, 1.8209335394203663e-05, 0.00015902769519016147]"
ff4955e76894,0,0,0.807266354560852,"[0.807266354560852, 0.18920683860778809, 0.0023787959944456816, 0.00014592744992114604, 0.0010020334739238024]",1,0.5888251662254333,"[0.40489938855171204, 0.5888251662254333, 0.005194712895900011, 6.931626558071002e-05, 0.0010114386677742004]"
ff4cd992667b,0,0,0.9999836683273315,"[0.9999836683273315, 1.5868445188971236e-05, 4.746531772070739e-07, 1.873280863762261e-09, 4.531250041850399e-09]",0,0.7731338143348694,"[0.7731338143348694, 0.1068492904305458, 0.009099905379116535, 0.004288742318749428, 0.10662826150655746]"
ff52392372d3,2,2,0.6721466183662415,"[0.009392731823027134, 0.22449249029159546, 0.6721466183662415, 0.022115033119916916, 0.0718531608581543]",2,0.7020715475082397,"[0.011484411545097828, 0.23062025010585785, 0.7020715475082397, 0.01558934710919857, 0.04023445397615433]"
ff59d44a70a7,0,0,0.999983549118042,"[0.999983549118042, 1.27070225062198e-05, 3.559949391274131e-06, 1.8888565378460953e-08, 1.0453867105297832e-07]",0,0.9998507499694824,"[0.9998507499694824, 0.0001297619892284274, 1.821601290430408e-05, 1.4136836057332403e-07, 1.1268465414104867e-06]"
ff631653374e,0,0,0.7855939865112305,"[0.7855939865112305, 0.021947942674160004, 0.11174926161766052, 0.005570283159613609, 0.07513851672410965]",0,0.5583835244178772,"[0.5583835244178772, 0.1525157392024994, 0.16423408687114716, 0.012432588264346123, 0.11243413388729095]"
ff77e8e5b5f3,2,1,0.7745888233184814,"[0.01977377198636532, 0.7745888233184814, 0.18763960897922516, 0.0017831959994509816, 0.016214562579989433]",1,0.7255606651306152,"[0.047326188534498215, 0.7255606651306152, 0.1607438325881958, 0.00349596980959177, 0.06287332624197006]"
ff8a0b45c789,4,4,0.6569818258285522,"[0.0018377014202997088, 0.020220577716827393, 0.10945586860179901, 0.21150393784046173, 0.6569818258285522]",4,0.4750368893146515,"[0.003016937291249633, 0.04116865247488022, 0.2503184378147125, 0.23045901954174042, 0.4750368893146515]"
ffa47f6a7bf4,2,3,0.45145463943481445,"[0.001972955884411931, 0.010989035479724407, 0.33087366819381714, 0.45145463943481445, 0.2047097235918045]",2,0.47555989027023315,"[0.0027510016225278378, 0.035852886736392975, 0.47555989027023315, 0.3124177157878876, 0.17341859638690948]"
ffc04fed30e6,0,0,0.9999394416809082,"[0.9999394416809082, 3.247287168051116e-05, 1.4284721146395896e-05, 2.309446244908031e-06, 1.147886268881848e-05]",0,0.9974852800369263,"[0.9974852800369263, 0.00243879365734756, 4.08026717195753e-05, 1.7710352722133393e-06, 3.324673161841929e-05]"
ffcf7b45f213,2,2,0.6768110990524292,"[0.0042662168852984905, 0.05984627828001976, 0.6768110990524292, 0.0947454571723938, 0.16433095932006836]",2,0.8634682893753052,"[0.002391838002949953, 0.07017187029123306, 0.8634682893753052, 0.025243036448955536, 0.03872505947947502]"
ffd97f8cd5aa,0,0,0.9999980926513672,"[0.9999980926513672, 1.6325988099197275e-06, 2.219209136455902e-07, 1.5919554563481597e-09, 6.6840248891253395e-09]",0,0.9999144077301025,"[0.9999144077301025, 7.359543815255165e-05, 1.0949329407594632e-05, 1.2351114264674834e-07, 9.6172186658805e-07]"
ffec9a18a3ce,2,2,0.7709586024284363,"[0.002883427543565631, 0.0812382847070694, 0.7709586024284363, 0.03524286299943924, 0.1096768006682396]",2,0.469064861536026,"[0.003915939945727587, 0.3491382896900177, 0.469064861536026, 0.031228894367814064, 0.1466519832611084]"
